Date.Time,SN_10779069.cal,SN_10487930,SN_10487931,SN_10487932,SN_10487933,SN_10487934,SN_10487935,SN_10487936,SN_10779056,SN_10779057,SN_10779058,SN_10779059,SN_10779060,SN_10779061,SN_10779062,SN_10779063,SN_10779064,SN_10779065,SN_10779067,SN_10779068.cal
12/30/15 15:00,25.137,25.089,25.04,25.089,25.089,25.065,25.089,25.04,25.089,25.089,25.089,25.137,25.113,25.113,25.113,25.089,25.113,25.04,25.113,25.137
12/30/15 15:15,25.113,25.089,25.04,25.089,25.089,25.065,25.089,25.04,25.089,25.089,25.089,25.137,25.089,25.113,25.089,25.089,25.113,25.04,25.113,25.137
12/30/15 15:30,25.113,25.065,25.016,25.065,25.089,25.065,25.065,25.016,25.065,25.065,25.089,25.113,25.089,25.089,25.089,25.089,25.113,25.016,25.113,25.113
12/30/15 15:45,25.089,25.04,25.016,25.04,25.065,25.04,25.04,24.992,25.04,25.04,25.065,25.089,25.065,25.089,25.065,25.065,25.089,24.992,25.089,25.089
12/30/15 16:00,25.065,25.016,24.968,25.016,25.016,24.992,25.016,24.968,25.016,25.016,25.04,25.065,25.04,25.04,25.04,25.04,25.065,24.992,25.065,25.065
12/30/15 16:15,25.016,24.992,24.944,24.992,24.992,24.968,24.968,24.944,24.992,24.968,24.992,25.016,24.992,25.016,24.992,24.992,25.016,24.944,25.016,25.04
12/30/15 16:30,24.968,24.944,24.895,24.944,24.944,24.919,24.919,24.895,24.944,24.919,24.944,24.992,24.944,24.968,24.944,24.944,24.992,24.895,24.968,24.992
12/30/15 16:45,24.944,24.895,24.847,24.895,24.895,24.895,24.895,24.847,24.895,24.895,24.895,24.944,24.895,24.919,24.919,24.919,24.944,24.847,24.919,24.944
12/30/15 17:00,24.895,24.847,24.798,24.847,24.871,24.847,24.847,24.798,24.847,24.847,24.871,24.895,24.871,24.871,24.871,24.871,24.895,24.823,24.895,24.895
12/30/15 17:15,24.847,24.798,24.774,24.823,24.823,24.798,24.798,24.774,24.823,24.798,24.823,24.847,24.823,24.847,24.823,24.823,24.847,24.774,24.847,24.871
12/30/15 17:30,24.798,24.774,24.726,24.774,24.774,24.75,24.774,24.726,24.774,24.75,24.774,24.823,24.774,24.798,24.798,24.798,24.798,24.726,24.798,24.823
12/30/15 17:45,24.774,24.726,24.677,24.726,24.75,24.726,24.726,24.677,24.726,24.726,24.75,24.774,24.75,24.75,24.75,24.75,24.774,24.677,24.75,24.774
12/30/15 18:00,24.726,24.677,24.629,24.677,24.702,24.677,24.677,24.629,24.677,24.677,24.702,24.726,24.702,24.702,24.702,24.702,24.726,24.653,24.702,24.726
12/30/15 18:15,24.653,24.629,24.581,24.629,24.629,24.605,24.605,24.581,24.629,24.605,24.629,24.653,24.629,24.653,24.629,24.629,24.653,24.581,24.653,24.677
12/30/15 18:30,24.605,24.557,24.532,24.557,24.581,24.557,24.557,24.508,24.557,24.557,24.581,24.605,24.581,24.605,24.581,24.581,24.605,24.532,24.605,24.605
12/30/15 18:45,24.557,24.508,24.484,24.508,24.532,24.508,24.508,24.46,24.508,24.508,24.532,24.557,24.532,24.557,24.532,24.532,24.557,24.484,24.557,24.557
12/30/15 19:00,24.508,24.484,24.436,24.484,24.484,24.46,24.46,24.436,24.484,24.46,24.484,24.532,24.484,24.508,24.508,24.508,24.532,24.436,24.508,24.532
12/30/15 19:15,24.484,24.436,24.412,24.436,24.46,24.436,24.436,24.388,24.436,24.436,24.46,24.484,24.46,24.484,24.46,24.46,24.484,24.412,24.484,24.484
12/30/15 19:30,24.46,24.412,24.363,24.412,24.412,24.412,24.412,24.363,24.412,24.412,24.412,24.46,24.436,24.436,24.436,24.436,24.46,24.363,24.436,24.46
12/30/15 19:45,24.436,24.388,24.339,24.388,24.388,24.388,24.388,24.339,24.388,24.388,24.412,24.436,24.412,24.412,24.412,24.412,24.436,24.339,24.412,24.436
12/30/15 20:00,24.412,24.363,24.315,24.363,24.363,24.363,24.363,24.315,24.363,24.363,24.363,24.412,24.388,24.388,24.388,24.388,24.412,24.315,24.388,24.412
12/30/15 20:15,24.388,24.339,24.291,24.339,24.339,24.339,24.339,24.291,24.339,24.339,24.339,24.388,24.363,24.363,24.363,24.363,24.388,24.291,24.363,24.388
12/30/15 20:30,24.363,24.315,24.267,24.315,24.315,24.315,24.315,24.267,24.315,24.315,24.315,24.363,24.339,24.339,24.339,24.339,24.363,24.267,24.339,24.363
12/30/15 20:45,24.339,24.291,24.243,24.291,24.315,24.291,24.291,24.243,24.291,24.291,24.315,24.339,24.315,24.315,24.315,24.315,24.339,24.267,24.315,24.339
12/30/15 21:00,24.315,24.267,24.243,24.291,24.291,24.267,24.267,24.219,24.267,24.267,24.291,24.315,24.291,24.315,24.291,24.291,24.315,24.243,24.315,24.339
12/30/15 21:15,24.315,24.267,24.219,24.267,24.267,24.243,24.267,24.219,24.267,24.243,24.267,24.315,24.267,24.291,24.267,24.267,24.315,24.219,24.291,24.315
12/30/15 21:30,24.291,24.243,24.219,24.243,24.267,24.243,24.243,24.195,24.243,24.243,24.267,24.291,24.267,24.267,24.267,24.267,24.291,24.195,24.267,24.291
12/30/15 21:45,24.267,24.243,24.195,24.243,24.243,24.219,24.219,24.195,24.243,24.219,24.243,24.291,24.243,24.267,24.243,24.243,24.267,24.195,24.267,24.291
12/30/15 22:00,24.267,24.219,24.171,24.219,24.219,24.219,24.219,24.171,24.219,24.219,24.219,24.267,24.243,24.243,24.243,24.243,24.267,24.171,24.243,24.267
12/30/15 22:15,24.243,24.219,24.171,24.219,24.219,24.195,24.195,24.171,24.219,24.195,24.219,24.267,24.219,24.243,24.219,24.219,24.243,24.171,24.243,24.267
12/30/15 22:30,24.243,24.195,24.146,24.195,24.195,24.195,24.195,24.146,24.195,24.195,24.219,24.243,24.219,24.219,24.219,24.219,24.243,24.146,24.219,24.243
12/30/15 22:45,24.219,24.171,24.146,24.195,24.195,24.171,24.171,24.122,24.195,24.171,24.195,24.243,24.195,24.219,24.195,24.195,24.219,24.146,24.219,24.243
12/30/15 23:00,24.219,24.171,24.122,24.171,24.171,24.171,24.171,24.122,24.171,24.171,24.195,24.219,24.195,24.195,24.195,24.195,24.219,24.122,24.219,24.219
12/30/15 23:15,24.219,24.171,24.122,24.171,24.171,24.171,24.146,24.122,24.171,24.146,24.171,24.219,24.171,24.195,24.171,24.171,24.219,24.122,24.195,24.219
12/30/15 23:30,24.195,24.146,24.122,24.171,24.171,24.146,24.146,24.098,24.146,24.146,24.171,24.195,24.171,24.171,24.171,24.171,24.195,24.122,24.195,24.219
12/30/15 23:45,24.195,24.146,24.098,24.146,24.146,24.146,24.146,24.098,24.146,24.146,24.146,24.195,24.171,24.171,24.171,24.171,24.195,24.098,24.171,24.195
12/31/15 0:00,24.171,24.146,24.098,24.146,24.146,24.122,24.122,24.098,24.146,24.122,24.146,24.195,24.146,24.171,24.146,24.146,24.171,24.098,24.171,24.195
12/31/15 0:15,24.171,24.122,24.098,24.146,24.146,24.122,24.122,24.074,24.122,24.122,24.146,24.171,24.146,24.146,24.146,24.146,24.171,24.074,24.146,24.171
12/31/15 0:30,24.171,24.122,24.074,24.122,24.122,24.122,24.122,24.074,24.122,24.122,24.122,24.171,24.146,24.146,24.122,24.122,24.171,24.074,24.146,24.171
12/31/15 0:45,24.146,24.098,24.074,24.122,24.122,24.098,24.098,24.05,24.098,24.098,24.122,24.146,24.122,24.122,24.122,24.122,24.146,24.074,24.146,24.146
12/31/15 1:00,24.146,24.098,24.05,24.098,24.098,24.098,24.098,24.05,24.098,24.098,24.122,24.146,24.122,24.122,24.122,24.122,24.146,24.05,24.122,24.146
12/31/15 1:15,24.122,24.098,24.05,24.098,24.098,24.074,24.074,24.05,24.098,24.074,24.098,24.146,24.122,24.122,24.098,24.098,24.122,24.05,24.122,24.146
12/31/15 1:30,24.122,24.074,24.05,24.098,24.098,24.074,24.074,24.026,24.074,24.074,24.098,24.122,24.098,24.122,24.098,24.098,24.122,24.05,24.122,24.122
12/31/15 1:45,24.122,24.074,24.026,24.074,24.074,24.074,24.074,24.026,24.074,24.074,24.074,24.122,24.098,24.098,24.098,24.098,24.122,24.026,24.098,24.122
12/31/15 2:00,24.098,24.05,24.026,24.074,24.074,24.05,24.05,24.002,24.074,24.05,24.074,24.098,24.074,24.098,24.074,24.074,24.098,24.026,24.098,24.122
12/31/15 2:15,24.074,24.05,24.002,24.05,24.05,24.026,24.05,24.002,24.05,24.026,24.05,24.098,24.074,24.074,24.05,24.05,24.074,24.002,24.074,24.098
12/31/15 2:30,24.074,24.026,23.978,24.026,24.026,24.026,24.026,23.978,24.026,24.026,24.026,24.074,24.05,24.05,24.05,24.05,24.074,23.978,24.05,24.074
12/31/15 2:45,24.05,24.002,23.954,24.002,24.002,24.002,24.002,23.954,24.002,24.002,24.026,24.05,24.026,24.026,24.026,24.026,24.05,23.954,24.026,24.05
12/31/15 3:00,24.026,23.978,23.954,24.002,24.002,23.978,23.978,23.93,23.978,23.978,24.002,24.026,24.002,24.002,24.002,24.002,24.026,23.954,24.026,24.026
12/31/15 3:15,24.002,23.978,23.93,23.978,23.978,23.954,23.954,23.905,23.978,23.954,23.978,24.026,23.978,23.978,23.978,23.978,24.002,23.93,24.002,24.026
12/31/15 3:30,23.978,23.954,23.905,23.954,23.954,23.93,23.93,23.905,23.954,23.93,23.954,24.002,23.954,23.978,23.954,23.954,23.978,23.905,23.978,24.002
12/31/15 3:45,23.978,23.93,23.881,23.93,23.93,23.93,23.93,23.881,23.93,23.93,23.93,23.978,23.954,23.954,23.954,23.954,23.978,23.881,23.954,23.978
12/31/15 4:00,23.954,23.905,23.857,23.905,23.905,23.905,23.905,23.857,23.905,23.905,23.93,23.954,23.93,23.93,23.93,23.93,23.954,23.857,23.93,23.954
12/31/15 4:15,23.93,23.881,23.833,23.881,23.881,23.881,23.881,23.833,23.881,23.881,23.905,23.93,23.905,23.905,23.905,23.905,23.93,23.833,23.905,23.93
12/31/15 4:30,23.905,23.857,23.833,23.881,23.881,23.857,23.857,23.809,23.857,23.857,23.881,23.905,23.881,23.881,23.881,23.881,23.905,23.833,23.905,23.905
12/31/15 4:45,23.905,23.857,23.809,23.857,23.857,23.857,23.857,23.809,23.857,23.857,23.857,23.905,23.881,23.881,23.881,23.881,23.905,23.809,23.881,23.905
12/31/15 5:00,23.881,23.857,23.809,23.857,23.857,23.833,23.833,23.809,23.857,23.833,23.857,23.905,23.857,23.881,23.857,23.857,23.881,23.809,23.881,23.905
12/31/15 5:15,23.881,23.857,23.809,23.857,23.857,23.833,23.833,23.809,23.857,23.833,23.857,23.905,23.881,23.881,23.857,23.857,23.881,23.809,23.881,23.905
12/31/15 5:30,23.905,23.857,23.809,23.857,23.857,23.833,23.833,23.809,23.857,23.833,23.857,23.905,23.881,23.881,23.857,23.857,23.881,23.809,23.881,23.905
12/31/15 5:45,23.881,23.857,23.809,23.857,23.857,23.833,23.833,23.809,23.857,23.833,23.857,23.905,23.857,23.881,23.857,23.857,23.881,23.809,23.881,23.905
12/31/15 6:00,23.881,23.833,23.809,23.857,23.857,23.833,23.833,23.809,23.857,23.833,23.857,23.905,23.857,23.881,23.857,23.857,23.881,23.809,23.881,23.905
12/31/15 6:15,23.881,23.857,23.809,23.857,23.857,23.833,23.833,23.809,23.857,23.833,23.857,23.905,23.857,23.881,23.857,23.857,23.881,23.809,23.881,23.905
12/31/15 6:30,23.905,23.857,23.809,23.857,23.857,23.833,23.857,23.809,23.857,23.833,23.857,23.905,23.881,23.881,23.857,23.857,23.881,23.809,23.881,23.905
12/31/15 6:45,23.905,23.857,23.809,23.857,23.857,23.857,23.833,23.809,23.857,23.857,23.857,23.905,23.881,23.881,23.857,23.881,23.881,23.809,23.881,23.905
12/31/15 7:00,23.905,23.857,23.809,23.857,23.857,23.857,23.857,23.809,23.857,23.857,23.857,23.905,23.881,23.881,23.881,23.881,23.905,23.809,23.881,23.905
12/31/15 7:15,23.905,23.857,23.809,23.857,23.857,23.857,23.857,23.809,23.857,23.857,23.881,23.905,23.881,23.881,23.881,23.881,23.905,23.809,23.881,23.905
12/31/15 7:30,23.905,23.857,23.833,23.881,23.881,23.857,23.857,23.809,23.857,23.857,23.881,23.905,23.881,23.881,23.881,23.881,23.905,23.833,23.881,23.905
12/31/15 7:45,23.905,23.857,23.833,23.881,23.881,23.857,23.857,23.809,23.881,23.857,23.881,23.93,23.881,23.881,23.881,23.881,23.905,23.833,23.905,23.93
12/31/15 8:00,23.905,23.881,23.833,23.881,23.881,23.857,23.857,23.833,23.881,23.857,23.881,23.93,23.881,23.905,23.881,23.881,23.905,23.833,23.905,23.93
12/31/15 8:15,23.905,23.857,23.833,23.857,23.881,23.857,23.857,23.809,23.857,23.857,23.881,23.905,23.881,23.881,23.881,23.881,23.905,23.833,23.881,23.905
12/31/15 8:30,23.905,23.857,23.809,23.857,23.857,23.857,23.857,23.809,23.857,23.857,23.857,23.905,23.881,23.881,23.881,23.881,23.905,23.809,23.881,23.905
12/31/15 8:45,23.905,23.857,23.809,23.857,23.857,23.857,23.857,23.809,23.857,23.857,23.881,23.905,23.881,23.881,23.881,23.881,23.905,23.809,23.881,23.905
12/31/15 9:00,23.93,23.881,23.833,23.881,23.881,23.881,23.881,23.833,23.881,23.857,23.881,23.93,23.881,23.905,23.881,23.881,23.905,23.833,23.905,23.93
12/31/15 9:15,23.954,23.905,23.881,23.93,23.93,23.905,23.905,23.857,23.905,23.905,23.93,23.978,23.93,23.93,23.93,23.93,23.954,23.881,23.954,23.954
12/31/15 9:30,24.002,23.954,23.905,23.954,23.954,23.954,23.954,23.905,23.954,23.954,23.978,24.002,23.978,23.978,23.978,23.978,24.002,23.905,23.978,24.002
12/31/15 9:45,24.026,24.002,23.954,24.002,24.002,23.978,24.002,23.93,24.002,23.978,24.002,24.05,24.002,24.026,24.002,24.002,24.026,23.954,24.026,24.026
12/31/15 10:00,24.122,24.074,24.026,24.074,24.074,24.074,24.074,24.074,24.074,24.05,24.074,24.122,24.098,24.098,24.098,24.074,24.098,24.026,24.098,24.098
12/31/15 10:15,24.171,24.146,24.098,24.122,24.146,24.122,24.146,24.098,24.122,24.122,24.146,24.195,24.146,24.146,24.146,24.146,24.171,24.098,24.171,24.171
12/31/15 10:30,24.219,24.171,24.122,24.171,24.171,24.171,24.171,24.122,24.171,24.146,24.171,24.219,24.195,24.195,24.171,24.171,24.219,24.122,24.219,24.219
12/31/15 10:45,24.267,24.219,24.171,24.219,24.219,24.219,24.219,24.171,24.219,24.219,24.243,24.267,24.243,24.243,24.243,24.243,24.267,24.171,24.243,24.267
12/31/15 11:00,24.315,24.291,24.243,24.291,24.291,24.291,24.291,24.243,24.291,24.267,24.291,24.363,24.315,24.315,24.291,24.291,24.315,24.243,24.315,24.315
12/31/15 11:15,24.363,24.339,24.291,24.339,24.339,24.339,24.339,24.291,24.339,24.315,24.339,24.388,24.339,24.363,24.339,24.339,24.363,24.291,24.363,24.363
12/31/15 11:30,24.412,24.363,24.315,24.363,24.388,24.363,24.363,24.315,24.363,24.363,24.388,24.436,24.388,24.388,24.388,24.388,24.412,24.315,24.412,24.412
12/31/15 11:45,24.46,24.412,24.363,24.412,24.436,24.412,24.412,24.363,24.412,24.412,24.436,24.484,24.436,24.436,24.436,24.436,24.46,24.363,24.46,24.46
12/31/15 12:00,24.484,24.436,24.412,24.46,24.46,24.46,24.436,24.412,24.46,24.436,24.46,24.508,24.46,24.484,24.46,24.46,24.484,24.412,24.484,24.484
12/31/15 12:15,24.653,24.605,24.557,24.605,24.605,24.653,24.605,24.557,24.605,24.581,24.605,24.798,24.653,24.629,24.605,24.605,24.629,24.532,24.629,24.629
12/31/15 12:30,24.798,24.726,24.702,24.75,24.75,24.774,24.75,24.702,24.726,24.726,24.75,24.944,24.798,24.75,24.75,24.75,24.774,24.677,24.774,24.774
12/31/15 12:45,24.895,24.847,24.798,24.847,24.871,24.847,24.847,24.823,24.847,24.847,24.871,24.919,24.871,24.871,24.871,24.871,24.895,24.798,24.895,24.895
12/31/15 13:00,24.992,24.944,24.895,24.944,24.944,24.944,24.944,24.895,24.944,24.944,24.968,24.992,24.968,24.992,24.968,24.968,24.992,24.895,24.992,24.992
12/31/15 13:15,25.065,25.016,24.968,25.016,25.016,24.992,25.016,24.968,25.016,25.016,25.04,25.065,25.016,25.04,25.016,25.016,25.04,24.968,25.04,25.065
12/31/15 13:30,25.113,25.065,25.016,25.065,25.065,25.04,25.065,25.016,25.065,25.065,25.089,25.113,25.089,25.089,25.089,25.065,25.089,25.016,25.113,25.113
12/31/15 13:45,25.162,25.113,25.065,25.113,25.137,25.113,25.113,25.065,25.113,25.113,25.137,25.186,25.137,25.137,25.137,25.113,25.162,25.065,25.162,25.162
12/31/15 14:00,25.21,25.162,25.113,25.162,25.162,25.137,25.162,25.113,25.162,25.137,25.186,25.21,25.162,25.186,25.162,25.162,25.186,25.113,25.186,25.186
12/31/15 14:15,25.234,25.186,25.137,25.186,25.186,25.162,25.186,25.137,25.186,25.186,25.186,25.234,25.186,25.21,25.186,25.186,25.21,25.137,25.21,25.234
12/31/15 14:30,25.234,25.186,25.162,25.21,25.21,25.186,25.186,25.162,25.186,25.186,25.21,25.258,25.21,25.234,25.21,25.21,25.234,25.137,25.234,25.234
12/31/15 14:45,25.258,25.21,25.162,25.21,25.21,25.186,25.21,25.162,25.21,25.21,25.234,25.258,25.234,25.234,25.234,25.21,25.258,25.162,25.258,25.258
12/31/15 15:00,25.258,25.21,25.186,25.21,25.234,25.21,25.21,25.186,25.21,25.21,25.234,25.258,25.234,25.234,25.234,25.234,25.258,25.162,25.258,25.258
12/31/15 15:15,25.258,25.21,25.186,25.234,25.234,25.21,25.21,25.186,25.21,25.21,25.234,25.258,25.234,25.258,25.234,25.234,25.258,25.186,25.258,25.258
12/31/15 15:30,25.258,25.21,25.162,25.21,25.234,25.21,25.21,25.162,25.21,25.21,25.234,25.258,25.234,25.234,25.234,25.234,25.258,25.162,25.258,25.258
12/31/15 15:45,25.258,25.21,25.162,25.21,25.21,25.186,25.21,25.162,25.21,25.21,25.234,25.258,25.21,25.234,25.21,25.21,25.234,25.162,25.234,25.258
12/31/15 16:00,25.234,25.186,25.137,25.186,25.186,25.162,25.186,25.137,25.186,25.186,25.21,25.234,25.21,25.21,25.21,25.21,25.234,25.137,25.234,25.234
12/31/15 16:15,25.21,25.162,25.113,25.162,25.162,25.137,25.162,25.113,25.162,25.162,25.186,25.21,25.186,25.186,25.186,25.186,25.21,25.113,25.21,25.21
12/31/15 16:30,25.162,25.137,25.089,25.137,25.137,25.113,25.113,25.089,25.137,25.113,25.137,25.186,25.137,25.162,25.137,25.137,25.162,25.089,25.162,25.186
12/31/15 16:45,25.137,25.089,25.04,25.089,25.089,25.065,25.089,25.04,25.089,25.089,25.113,25.137,25.089,25.113,25.089,25.089,25.137,25.04,25.113,25.137
12/31/15 17:00,25.089,25.04,24.992,25.04,25.04,25.016,25.04,24.992,25.04,25.04,25.065,25.089,25.04,25.065,25.065,25.04,25.089,24.992,25.065,25.089
12/31/15 17:15,25.04,24.992,24.944,24.992,24.992,24.992,24.992,24.944,24.992,24.992,25.016,25.04,25.016,25.016,25.016,25.016,25.04,24.944,25.04,25.04
12/31/15 17:30,24.992,24.944,24.895,24.944,24.968,24.944,24.944,24.895,24.944,24.944,24.944,24.992,24.968,24.992,24.968,24.968,24.992,24.919,24.992,24.992
12/31/15 17:45,24.944,24.895,24.871,24.895,24.919,24.895,24.895,24.847,24.895,24.895,24.919,24.944,24.919,24.919,24.919,24.919,24.944,24.871,24.944,24.944
12/31/15 18:00,24.919,24.871,24.823,24.871,24.871,24.871,24.847,24.823,24.871,24.871,24.871,24.919,24.895,24.895,24.895,24.895,24.919,24.823,24.895,24.919
12/31/15 18:15,24.871,24.823,24.798,24.847,24.847,24.823,24.823,24.774,24.823,24.823,24.847,24.871,24.847,24.847,24.847,24.847,24.871,24.798,24.871,24.871
12/31/15 18:30,24.823,24.798,24.75,24.798,24.798,24.774,24.774,24.75,24.798,24.774,24.798,24.823,24.798,24.823,24.798,24.798,24.823,24.75,24.823,24.847
12/31/15 18:45,24.774,24.75,24.702,24.75,24.75,24.726,24.726,24.702,24.75,24.726,24.75,24.798,24.75,24.774,24.75,24.75,24.774,24.702,24.774,24.798
12/31/15 19:00,24.75,24.702,24.653,24.702,24.726,24.702,24.702,24.653,24.702,24.702,24.726,24.75,24.726,24.726,24.726,24.726,24.75,24.677,24.726,24.75
12/31/15 19:15,24.726,24.677,24.629,24.677,24.677,24.677,24.677,24.629,24.677,24.677,24.677,24.726,24.702,24.702,24.702,24.702,24.726,24.629,24.702,24.726
12/31/15 19:30,24.677,24.629,24.605,24.653,24.653,24.629,24.629,24.605,24.653,24.629,24.653,24.677,24.653,24.677,24.653,24.653,24.677,24.605,24.677,24.702
12/31/15 19:45,24.653,24.605,24.557,24.629,24.629,24.605,24.605,24.557,24.605,24.605,24.629,24.653,24.629,24.629,24.629,24.629,24.653,24.581,24.653,24.653
12/31/15 20:00,24.629,24.581,24.532,24.581,24.581,24.581,24.581,24.532,24.581,24.581,24.581,24.629,24.605,24.605,24.605,24.605,24.629,24.532,24.605,24.629
12/31/15 20:15,24.581,24.532,24.508,24.557,24.557,24.532,24.532,24.508,24.532,24.532,24.557,24.581,24.557,24.581,24.557,24.557,24.581,24.508,24.581,24.605
12/31/15 20:30,24.557,24.508,24.46,24.508,24.508,24.508,24.508,24.46,24.508,24.508,24.532,24.557,24.532,24.532,24.532,24.532,24.557,24.46,24.532,24.557
12/31/15 20:45,24.532,24.484,24.436,24.484,24.484,24.484,24.484,24.436,24.484,24.484,24.484,24.532,24.508,24.508,24.508,24.508,24.532,24.436,24.508,24.532
12/31/15 21:00,24.508,24.46,24.412,24.46,24.46,24.46,24.46,24.412,24.46,24.46,24.46,24.508,24.484,24.484,24.46,24.46,24.508,24.412,24.484,24.508
12/31/15 21:15,24.484,24.436,24.388,24.436,24.436,24.436,24.436,24.388,24.436,24.436,24.436,24.484,24.46,24.46,24.46,24.46,24.484,24.388,24.46,24.484
12/31/15 21:30,24.46,24.412,24.363,24.412,24.412,24.412,24.412,24.363,24.412,24.412,24.412,24.46,24.436,24.436,24.436,24.436,24.46,24.363,24.436,24.46
12/31/15 21:45,24.436,24.388,24.339,24.388,24.388,24.388,24.388,24.339,24.388,24.388,24.388,24.436,24.412,24.412,24.412,24.412,24.412,24.339,24.412,24.436
12/31/15 22:00,24.388,24.363,24.315,24.363,24.363,24.339,24.339,24.315,24.363,24.339,24.363,24.412,24.363,24.388,24.363,24.363,24.388,24.315,24.388,24.412
12/31/15 22:15,24.363,24.315,24.291,24.339,24.339,24.315,24.315,24.267,24.315,24.315,24.339,24.363,24.339,24.363,24.339,24.339,24.363,24.291,24.363,24.363
12/31/15 22:30,24.339,24.291,24.267,24.291,24.315,24.291,24.291,24.243,24.291,24.291,24.315,24.339,24.315,24.315,24.315,24.315,24.339,24.267,24.315,24.339
12/31/15 22:45,24.315,24.267,24.219,24.267,24.267,24.267,24.267,24.219,24.267,24.267,24.267,24.315,24.291,24.291,24.291,24.291,24.315,24.219,24.291,24.315
12/31/15 23:00,24.267,24.243,24.195,24.243,24.243,24.243,24.243,24.195,24.243,24.219,24.243,24.291,24.267,24.267,24.243,24.267,24.291,24.195,24.267,24.291
12/31/15 23:15,24.243,24.219,24.171,24.219,24.219,24.195,24.195,24.171,24.219,24.219,24.219,24.267,24.219,24.243,24.219,24.219,24.267,24.171,24.243,24.267
12/31/15 23:30,24.219,24.171,24.146,24.195,24.195,24.171,24.171,24.122,24.171,24.171,24.195,24.219,24.195,24.219,24.195,24.195,24.219,24.146,24.219,24.219
12/31/15 23:45,24.195,24.146,24.098,24.146,24.171,24.146,24.146,24.098,24.146,24.146,24.171,24.195,24.171,24.171,24.171,24.171,24.195,24.122,24.171,24.195
1/1/16 0:00,24.146,24.122,24.074,24.122,24.122,24.098,24.122,24.074,24.122,24.122,24.122,24.171,24.122,24.146,24.122,24.122,24.171,24.074,24.146,24.171
1/1/16 0:15,24.122,24.074,24.05,24.098,24.098,24.074,24.074,24.026,24.074,24.074,24.098,24.122,24.098,24.122,24.098,24.098,24.122,24.05,24.122,24.122
1/1/16 0:30,24.074,24.05,24.002,24.05,24.05,24.05,24.05,24.002,24.05,24.05,24.05,24.098,24.074,24.074,24.074,24.074,24.098,24.002,24.074,24.098
1/1/16 0:45,24.05,24.026,23.978,24.026,24.026,24.002,24.002,23.954,24.026,24.002,24.026,24.05,24.026,24.05,24.026,24.026,24.05,23.978,24.05,24.074
1/1/16 1:00,24.026,23.978,23.93,23.978,23.978,23.978,23.978,23.93,23.978,23.978,23.978,24.026,24.002,24.002,24.002,24.002,24.026,23.93,24.002,24.026
1/1/16 1:15,23.978,23.954,23.905,23.954,23.954,23.93,23.93,23.905,23.954,23.93,23.954,24.002,23.978,23.978,23.954,23.954,23.978,23.905,23.978,24.002
1/1/16 1:30,23.954,23.905,23.881,23.93,23.93,23.905,23.905,23.857,23.93,23.905,23.93,23.954,23.93,23.93,23.93,23.93,23.954,23.881,23.954,23.954
1/1/16 1:45,23.93,23.881,23.833,23.881,23.881,23.881,23.881,23.833,23.881,23.881,23.881,23.93,23.905,23.905,23.905,23.905,23.93,23.833,23.905,23.93
1/1/16 2:00,23.881,23.857,23.809,23.857,23.857,23.833,23.833,23.809,23.857,23.833,23.857,23.905,23.881,23.881,23.881,23.857,23.905,23.809,23.881,23.905
1/1/16 2:15,23.857,23.809,23.785,23.833,23.833,23.809,23.809,23.785,23.833,23.809,23.833,23.857,23.833,23.833,23.833,23.833,23.857,23.785,23.833,23.857
1/1/16 2:30,23.833,23.785,23.737,23.785,23.785,23.785,23.785,23.737,23.785,23.785,23.785,23.833,23.809,23.809,23.809,23.809,23.833,23.737,23.809,23.833
1/1/16 2:45,23.809,23.761,23.713,23.761,23.761,23.761,23.761,23.713,23.761,23.761,23.761,23.809,23.785,23.785,23.785,23.785,23.809,23.713,23.785,23.809
1/1/16 3:00,23.761,23.737,23.689,23.737,23.737,23.713,23.713,23.689,23.737,23.713,23.737,23.785,23.737,23.761,23.737,23.737,23.761,23.689,23.761,23.785
1/1/16 3:15,23.737,23.713,23.665,23.713,23.713,23.689,23.689,23.665,23.713,23.689,23.713,23.761,23.713,23.737,23.713,23.713,23.737,23.665,23.737,23.761
1/1/16 3:30,23.713,23.665,23.641,23.689,23.689,23.665,23.665,23.617,23.665,23.665,23.689,23.713,23.689,23.689,23.689,23.689,23.713,23.641,23.689,23.713
1/1/16 3:45,23.689,23.641,23.593,23.641,23.641,23.641,23.641,23.593,23.641,23.641,23.641,23.689,23.665,23.665,23.665,23.665,23.689,23.593,23.665,23.689
1/1/16 4:00,23.665,23.617,23.569,23.617,23.617,23.617,23.617,23.569,23.617,23.593,23.617,23.665,23.641,23.641,23.641,23.641,23.665,23.569,23.641,23.665
1/1/16 4:15,23.617,23.593,23.545,23.593,23.593,23.569,23.569,23.545,23.593,23.569,23.593,23.641,23.593,23.617,23.593,23.593,23.617,23.545,23.617,23.641
1/1/16 4:30,23.593,23.545,23.521,23.569,23.569,23.545,23.545,23.497,23.545,23.545,23.569,23.593,23.569,23.569,23.569,23.569,23.593,23.497,23.569,23.593
1/1/16 4:45,23.545,23.521,23.472,23.521,23.521,23.497,23.521,23.472,23.521,23.497,23.521,23.569,23.545,23.545,23.545,23.545,23.569,23.472,23.545,23.569
1/1/16 5:00,23.521,23.497,23.448,23.497,23.497,23.472,23.472,23.448,23.497,23.472,23.497,23.545,23.497,23.521,23.497,23.497,23.521,23.448,23.521,23.545
1/1/16 5:15,23.497,23.448,23.4,23.448,23.448,23.448,23.448,23.4,23.448,23.448,23.472,23.497,23.472,23.472,23.472,23.472,23.497,23.4,23.472,23.497
1/1/16 5:30,23.448,23.424,23.376,23.424,23.424,23.4,23.424,23.376,23.424,23.4,23.424,23.472,23.448,23.448,23.448,23.448,23.472,23.376,23.448,23.472
1/1/16 5:45,23.448,23.4,23.352,23.4,23.4,23.376,23.376,23.352,23.4,23.376,23.4,23.448,23.4,23.424,23.4,23.4,23.448,23.352,23.424,23.448
1/1/16 6:00,23.4,23.352,23.328,23.376,23.376,23.352,23.352,23.304,23.352,23.352,23.376,23.424,23.376,23.4,23.376,23.376,23.4,23.328,23.4,23.4
1/1/16 6:15,23.376,23.328,23.304,23.352,23.352,23.328,23.328,23.28,23.352,23.328,23.352,23.376,23.352,23.352,23.352,23.352,23.376,23.304,23.376,23.376
1/1/16 6:30,23.328,23.304,23.256,23.304,23.304,23.28,23.28,23.256,23.304,23.28,23.304,23.328,23.304,23.328,23.304,23.304,23.328,23.256,23.328,23.352
1/1/16 6:45,23.304,23.256,23.232,23.28,23.28,23.256,23.256,23.208,23.256,23.256,23.28,23.304,23.28,23.28,23.28,23.28,23.304,23.208,23.304,23.304
1/1/16 7:00,23.28,23.232,23.208,23.232,23.256,23.232,23.232,23.184,23.232,23.232,23.256,23.28,23.256,23.256,23.256,23.256,23.28,23.184,23.256,23.28
1/1/16 7:15,23.256,23.208,23.16,23.208,23.208,23.208,23.208,23.16,23.208,23.208,23.208,23.256,23.232,23.232,23.232,23.232,23.256,23.16,23.232,23.256
1/1/16 7:30,23.232,23.184,23.136,23.184,23.184,23.184,23.184,23.136,23.184,23.184,23.184,23.232,23.208,23.208,23.208,23.208,23.232,23.136,23.208,23.232
1/1/16 7:45,23.208,23.16,23.112,23.16,23.16,23.16,23.16,23.112,23.16,23.16,23.16,23.208,23.184,23.184,23.184,23.184,23.208,23.112,23.184,23.208
1/1/16 8:00,23.184,23.136,23.112,23.16,23.16,23.136,23.136,23.088,23.136,23.136,23.16,23.208,23.16,23.16,23.16,23.16,23.184,23.088,23.184,23.184
1/1/16 8:15,23.184,23.136,23.088,23.136,23.136,23.136,23.136,23.088,23.136,23.136,23.136,23.184,23.16,23.16,23.16,23.16,23.184,23.088,23.16,23.184
1/1/16 8:30,23.16,23.136,23.088,23.136,23.136,23.112,23.112,23.064,23.136,23.112,23.136,23.184,23.136,23.16,23.136,23.136,23.16,23.088,23.16,23.16
1/1/16 8:45,23.184,23.136,23.088,23.136,23.136,23.136,23.136,23.088,23.136,23.136,23.136,23.184,23.16,23.16,23.16,23.16,23.184,23.088,23.16,23.184
1/1/16 9:00,23.208,23.16,23.136,23.16,23.184,23.16,23.16,23.112,23.16,23.16,23.184,23.232,23.184,23.184,23.184,23.184,23.208,23.112,23.184,23.208
1/1/16 9:15,23.28,23.232,23.184,23.232,23.232,23.232,23.232,23.184,23.232,23.232,23.256,23.28,23.256,23.256,23.256,23.232,23.28,23.184,23.256,23.28
1/1/16 9:30,23.4,23.352,23.304,23.352,23.352,23.352,23.352,23.304,23.352,23.352,23.352,23.4,23.376,23.376,23.376,23.352,23.4,23.304,23.376,23.4
1/1/16 9:45,23.545,23.521,23.472,23.497,23.521,23.497,23.497,23.472,23.497,23.497,23.521,23.569,23.521,23.545,23.521,23.521,23.545,23.448,23.545,23.545
1/1/16 10:00,23.713,23.665,23.617,23.665,23.665,23.665,23.665,23.689,23.665,23.665,23.689,23.713,23.689,23.689,23.689,23.665,23.713,23.617,23.689,23.689
1/1/16 10:15,23.881,23.833,23.785,23.833,23.833,23.833,23.978,23.881,23.833,23.809,23.857,23.881,23.857,23.857,23.857,23.833,23.881,23.785,23.905,23.857
1/1/16 10:30,24.098,24.026,23.954,24.002,24.026,24.002,24.171,24.05,24.002,24.002,24.074,24.074,24.026,24.026,24.026,24.026,24.05,23.954,24.098,24.05
1/1/16 10:45,24.267,24.195,24.122,24.171,24.195,24.219,24.315,24.219,24.171,24.171,24.243,24.291,24.267,24.219,24.195,24.195,24.219,24.122,24.243,24.219
1/1/16 11:00,24.436,24.363,24.315,24.363,24.363,24.557,24.436,24.363,24.363,24.339,24.412,24.629,24.436,24.388,24.363,24.363,24.388,24.291,24.412,24.388
1/1/16 11:15,24.605,24.532,24.484,24.532,24.532,24.726,24.581,24.508,24.532,24.508,24.557,24.823,24.653,24.557,24.557,24.532,24.557,24.46,24.581,24.557
1/1/16 11:30,24.774,24.702,24.653,24.702,24.702,24.895,24.726,24.653,24.702,24.677,24.726,25.016,24.823,24.726,24.726,24.702,24.726,24.653,24.75,24.726
1/1/16 11:45,24.919,24.847,24.823,24.871,24.871,25.04,24.871,24.798,24.871,24.847,24.895,25.186,24.992,24.895,24.895,24.871,24.895,24.798,24.895,24.895
1/1/16 12:00,25.065,25.016,24.968,25.04,25.016,25.162,25.016,24.968,25.016,25.016,25.04,25.355,25.137,25.04,25.04,25.016,25.04,24.944,25.065,25.04
1/1/16 12:15,25.21,25.162,25.113,25.186,25.162,25.258,25.162,25.113,25.162,25.137,25.186,25.525,25.283,25.186,25.162,25.162,25.186,25.089,25.21,25.186
1/1/16 12:30,25.331,25.258,25.234,25.283,25.283,25.331,25.258,25.234,25.258,25.258,25.283,25.55,25.355,25.283,25.283,25.283,25.307,25.21,25.307,25.307
1/1/16 12:45,25.38,25.331,25.307,25.331,25.355,25.331,25.331,25.307,25.331,25.331,25.355,25.404,25.355,25.38,25.355,25.355,25.38,25.307,25.38,25.38
1/1/16 13:00,25.428,25.38,25.355,25.38,25.404,25.38,25.38,25.355,25.38,25.38,25.404,25.428,25.404,25.404,25.404,25.404,25.428,25.331,25.428,25.428
1/1/16 13:15,25.453,25.404,25.355,25.404,25.428,25.38,25.404,25.355,25.404,25.404,25.428,25.453,25.428,25.428,25.428,25.404,25.453,25.355,25.453,25.453
1/1/16 13:30,25.453,25.428,25.38,25.428,25.428,25.404,25.428,25.38,25.428,25.428,25.428,25.477,25.428,25.453,25.428,25.428,25.453,25.38,25.453,25.477
1/1/16 13:45,25.477,25.453,25.404,25.453,25.453,25.428,25.453,25.404,25.428,25.428,25.453,25.501,25.453,25.477,25.453,25.453,25.477,25.38,25.477,25.477
1/1/16 14:00,25.501,25.453,25.404,25.453,25.453,25.428,25.453,25.404,25.453,25.453,25.477,25.501,25.477,25.477,25.477,25.453,25.477,25.404,25.477,25.501
1/1/16 14:15,25.477,25.428,25.404,25.453,25.453,25.428,25.428,25.404,25.428,25.428,25.453,25.477,25.453,25.477,25.453,25.453,25.477,25.38,25.477,25.477
1/1/16 14:30,25.453,25.404,25.355,25.404,25.428,25.404,25.404,25.38,25.404,25.404,25.428,25.453,25.428,25.428,25.428,25.428,25.453,25.355,25.453,25.453
1/1/16 14:45,25.404,25.355,25.331,25.38,25.38,25.355,25.355,25.331,25.355,25.355,25.38,25.404,25.38,25.38,25.38,25.38,25.404,25.307,25.404,25.404
1/1/16 15:00,25.38,25.331,25.283,25.331,25.355,25.331,25.331,25.283,25.331,25.331,25.355,25.38,25.355,25.355,25.355,25.331,25.38,25.283,25.38,25.38
1/1/16 15:15,25.355,25.307,25.283,25.331,25.331,25.307,25.307,25.283,25.307,25.307,25.331,25.38,25.331,25.355,25.331,25.331,25.355,25.258,25.355,25.355
1/1/16 15:30,25.355,25.307,25.258,25.307,25.307,25.283,25.307,25.258,25.307,25.307,25.331,25.355,25.331,25.331,25.331,25.307,25.355,25.258,25.355,25.355
1/1/16 15:45,25.331,25.283,25.234,25.283,25.307,25.283,25.283,25.234,25.283,25.283,25.307,25.331,25.307,25.307,25.307,25.307,25.331,25.234,25.331,25.331
1/1/16 16:00,25.283,25.234,25.186,25.234,25.234,25.21,25.234,25.186,25.234,25.234,25.234,25.283,25.234,25.258,25.234,25.234,25.283,25.186,25.258,25.283
1/1/16 16:15,25.234,25.186,25.137,25.186,25.186,25.162,25.186,25.137,25.186,25.186,25.186,25.234,25.186,25.21,25.186,25.186,25.21,25.137,25.21,25.234
1/1/16 16:30,25.186,25.137,25.089,25.137,25.137,25.113,25.137,25.089,25.137,25.137,25.137,25.186,25.137,25.162,25.137,25.137,25.162,25.089,25.162,25.186
1/1/16 16:45,25.113,25.065,25.04,25.089,25.089,25.065,25.065,25.04,25.089,25.065,25.089,25.113,25.089,25.113,25.089,25.089,25.113,25.04,25.113,25.137
1/1/16 17:00,25.065,25.016,24.968,25.016,25.04,24.992,25.016,24.968,25.016,25.016,25.04,25.065,25.04,25.04,25.04,25.04,25.065,24.992,25.065,25.065
1/1/16 17:15,24.992,24.968,24.895,24.968,24.968,24.944,24.944,24.895,24.944,24.944,24.968,24.992,24.968,24.992,24.968,24.968,24.992,24.919,24.992,24.992
1/1/16 17:30,24.919,24.895,24.847,24.895,24.895,24.871,24.871,24.847,24.895,24.871,24.895,24.919,24.895,24.919,24.895,24.895,24.919,24.847,24.919,24.944
1/1/16 17:45,24.847,24.823,24.774,24.823,24.823,24.798,24.798,24.774,24.823,24.798,24.823,24.847,24.823,24.847,24.823,24.823,24.847,24.774,24.847,24.871
1/1/16 18:00,24.798,24.75,24.702,24.75,24.75,24.75,24.75,24.702,24.75,24.75,24.75,24.798,24.774,24.774,24.774,24.774,24.798,24.702,24.774,24.798
1/1/16 18:15,24.726,24.677,24.629,24.677,24.702,24.677,24.677,24.629,24.677,24.677,24.702,24.726,24.702,24.702,24.702,24.702,24.726,24.653,24.702,24.726
1/1/16 18:30,24.653,24.629,24.581,24.629,24.629,24.605,24.605,24.581,24.629,24.605,24.629,24.653,24.629,24.653,24.629,24.629,24.653,24.581,24.653,24.677
1/1/16 18:45,24.605,24.557,24.508,24.557,24.581,24.557,24.557,24.508,24.557,24.557,24.581,24.605,24.581,24.581,24.581,24.581,24.605,24.532,24.605,24.605
1/1/16 19:00,24.557,24.508,24.46,24.508,24.508,24.508,24.508,24.46,24.508,24.508,24.508,24.557,24.532,24.532,24.532,24.532,24.557,24.46,24.532,24.557
1/1/16 19:15,24.508,24.46,24.412,24.46,24.46,24.436,24.46,24.412,24.46,24.436,24.46,24.508,24.46,24.484,24.46,24.46,24.508,24.412,24.484,24.508
1/1/16 19:30,24.436,24.412,24.363,24.412,24.412,24.388,24.412,24.363,24.412,24.412,24.412,24.436,24.412,24.436,24.412,24.412,24.436,24.363,24.436,24.46
1/1/16 19:45,24.388,24.363,24.315,24.363,24.363,24.339,24.339,24.315,24.363,24.339,24.363,24.388,24.363,24.388,24.363,24.363,24.388,24.315,24.388,24.412
1/1/16 20:00,24.339,24.315,24.267,24.315,24.315,24.291,24.291,24.267,24.315,24.291,24.315,24.339,24.315,24.339,24.315,24.315,24.339,24.267,24.339,24.363
1/1/16 20:15,24.291,24.267,24.219,24.267,24.267,24.243,24.243,24.219,24.267,24.243,24.267,24.291,24.267,24.291,24.267,24.267,24.291,24.219,24.291,24.315
1/1/16 20:30,24.243,24.219,24.171,24.219,24.219,24.195,24.219,24.171,24.219,24.219,24.219,24.267,24.219,24.243,24.219,24.219,24.243,24.171,24.243,24.267
1/1/16 20:45,24.219,24.171,24.122,24.171,24.171,24.171,24.171,24.122,24.171,24.171,24.171,24.219,24.195,24.195,24.195,24.195,24.219,24.122,24.195,24.219
1/1/16 21:00,24.171,24.122,24.098,24.146,24.146,24.122,24.122,24.074,24.122,24.122,24.146,24.171,24.146,24.146,24.146,24.146,24.171,24.098,24.171,24.171
1/1/16 21:15,24.122,24.098,24.05,24.098,24.098,24.074,24.074,24.05,24.098,24.074,24.098,24.146,24.122,24.122,24.122,24.122,24.122,24.05,24.122,24.146
1/1/16 21:30,24.098,24.05,24.026,24.05,24.074,24.05,24.05,24.002,24.05,24.05,24.074,24.098,24.074,24.074,24.074,24.074,24.098,24.026,24.074,24.098
1/1/16 21:45,24.05,24.026,23.978,24.026,24.026,24.002,24.026,23.978,24.026,24.026,24.026,24.074,24.026,24.05,24.026,24.026,24.05,23.978,24.05,24.074
1/1/16 22:00,24.026,23.978,23.93,23.978,23.978,23.978,23.978,23.93,23.978,23.978,24.002,24.026,24.002,24.002,24.002,24.002,24.026,23.93,24.002,24.026
1/1/16 22:15,23.978,23.954,23.905,23.954,23.954,23.93,23.93,23.905,23.954,23.93,23.954,24.002,23.954,23.978,23.954,23.954,23.978,23.905,23.978,24.002
1/1/16 22:30,23.954,23.905,23.881,23.93,23.93,23.905,23.905,23.857,23.905,23.905,23.93,23.954,23.93,23.93,23.93,23.93,23.954,23.881,23.93,23.954
1/1/16 22:45,23.93,23.881,23.833,23.881,23.881,23.857,23.881,23.833,23.881,23.857,23.881,23.93,23.905,23.905,23.881,23.881,23.93,23.833,23.905,23.93
1/1/16 23:00,23.881,23.833,23.809,23.833,23.857,23.833,23.833,23.785,23.833,23.833,23.857,23.881,23.857,23.857,23.857,23.857,23.881,23.785,23.857,23.881
1/1/16 23:15,23.833,23.809,23.761,23.809,23.809,23.785,23.785,23.761,23.809,23.785,23.809,23.857,23.809,23.833,23.809,23.809,23.833,23.761,23.833,23.857
1/1/16 23:30,23.809,23.761,23.713,23.761,23.761,23.761,23.761,23.713,23.761,23.761,23.761,23.809,23.785,23.785,23.785,23.785,23.809,23.713,23.785,23.809
1/1/16 23:45,23.761,23.713,23.665,23.713,23.737,23.713,23.713,23.665,23.713,23.713,23.737,23.761,23.737,23.737,23.737,23.737,23.761,23.665,23.761,23.761
1/2/16 0:00,23.713,23.689,23.641,23.689,23.689,23.665,23.665,23.641,23.689,23.665,23.689,23.737,23.689,23.713,23.689,23.689,23.737,23.641,23.713,23.737
1/2/16 0:15,23.689,23.641,23.617,23.665,23.665,23.641,23.641,23.593,23.641,23.641,23.665,23.689,23.665,23.665,23.665,23.665,23.689,23.617,23.689,23.689
1/2/16 0:30,23.665,23.617,23.569,23.617,23.617,23.617,23.617,23.569,23.617,23.617,23.641,23.665,23.641,23.641,23.641,23.641,23.665,23.569,23.641,23.665
1/2/16 0:45,23.641,23.593,23.545,23.593,23.593,23.593,23.593,23.545,23.593,23.593,23.593,23.641,23.617,23.617,23.617,23.617,23.641,23.545,23.617,23.641
1/2/16 1:00,23.617,23.569,23.545,23.593,23.569,23.569,23.569,23.521,23.569,23.569,23.593,23.617,23.593,23.593,23.593,23.593,23.617,23.545,23.593,23.617
1/2/16 1:15,23.593,23.569,23.521,23.569,23.569,23.545,23.545,23.521,23.569,23.569,23.569,23.617,23.593,23.593,23.569,23.569,23.617,23.521,23.593,23.617
1/2/16 1:30,23.593,23.545,23.521,23.545,23.569,23.545,23.545,23.497,23.545,23.545,23.569,23.593,23.569,23.569,23.569,23.569,23.593,23.497,23.569,23.593
1/2/16 1:45,23.593,23.545,23.497,23.545,23.545,23.521,23.521,23.497,23.545,23.521,23.545,23.593,23.545,23.569,23.545,23.545,23.569,23.497,23.569,23.593
1/2/16 2:00,23.569,23.521,23.497,23.545,23.545,23.521,23.521,23.472,23.521,23.521,23.545,23.569,23.545,23.545,23.545,23.545,23.569,23.472,23.545,23.569
1/2/16 2:15,23.569,23.521,23.472,23.521,23.521,23.521,23.521,23.472,23.521,23.521,23.521,23.569,23.545,23.545,23.545,23.545,23.569,23.472,23.545,23.569
1/2/16 2:30,23.545,23.497,23.472,23.521,23.521,23.497,23.497,23.448,23.521,23.497,23.521,23.569,23.521,23.545,23.521,23.521,23.545,23.472,23.545,23.569
1/2/16 2:45,23.545,23.497,23.472,23.497,23.521,23.497,23.497,23.448,23.497,23.497,23.521,23.545,23.521,23.521,23.521,23.521,23.545,23.448,23.545,23.545
1/2/16 3:00,23.545,23.497,23.448,23.497,23.497,23.497,23.497,23.448,23.497,23.497,23.521,23.545,23.521,23.521,23.521,23.521,23.545,23.448,23.521,23.545
1/2/16 3:15,23.545,23.497,23.448,23.497,23.497,23.497,23.497,23.448,23.497,23.497,23.497,23.545,23.521,23.521,23.497,23.497,23.545,23.448,23.521,23.545
1/2/16 3:30,23.521,23.497,23.448,23.497,23.497,23.472,23.472,23.448,23.497,23.472,23.497,23.545,23.497,23.521,23.497,23.497,23.521,23.448,23.521,23.545
1/2/16 3:45,23.521,23.472,23.448,23.472,23.497,23.472,23.472,23.424,23.472,23.472,23.497,23.521,23.497,23.497,23.497,23.497,23.521,23.448,23.497,23.521
1/2/16 4:00,23.497,23.472,23.424,23.472,23.472,23.448,23.448,23.424,23.472,23.448,23.472,23.521,23.472,23.497,23.472,23.472,23.497,23.424,23.497,23.521
1/2/16 4:15,23.497,23.448,23.4,23.448,23.448,23.448,23.448,23.4,23.448,23.448,23.472,23.497,23.472,23.472,23.472,23.472,23.497,23.4,23.472,23.497
1/2/16 4:30,23.472,23.448,23.4,23.448,23.448,23.424,23.424,23.4,23.448,23.424,23.448,23.497,23.448,23.472,23.448,23.448,23.472,23.4,23.472,23.497
1/2/16 4:45,23.472,23.424,23.376,23.448,23.448,23.424,23.424,23.376,23.424,23.424,23.448,23.472,23.448,23.448,23.448,23.448,23.472,23.376,23.448,23.472
1/2/16 5:00,23.472,23.424,23.376,23.424,23.424,23.424,23.424,23.376,23.424,23.424,23.448,23.472,23.448,23.448,23.448,23.448,23.472,23.376,23.448,23.472
1/2/16 5:15,23.448,23.424,23.376,23.424,23.424,23.4,23.4,23.376,23.424,23.4,23.424,23.472,23.448,23.448,23.424,23.424,23.448,23.376,23.448,23.472
1/2/16 5:30,23.448,23.4,23.376,23.424,23.424,23.4,23.4,23.352,23.4,23.4,23.424,23.448,23.424,23.448,23.424,23.424,23.448,23.352,23.448,23.448
1/2/16 5:45,23.448,23.4,23.352,23.4,23.4,23.4,23.4,23.352,23.4,23.4,23.4,23.448,23.424,23.424,23.424,23.424,23.448,23.352,23.424,23.448
1/2/16 6:00,23.448,23.4,23.352,23.4,23.4,23.376,23.376,23.352,23.4,23.376,23.4,23.448,23.4,23.424,23.4,23.4,23.448,23.352,23.424,23.448
1/2/16 6:15,23.424,23.376,23.352,23.4,23.4,23.376,23.376,23.328,23.376,23.376,23.4,23.424,23.4,23.4,23.4,23.4,23.424,23.352,23.424,23.448
1/2/16 6:30,23.424,23.376,23.328,23.376,23.376,23.376,23.376,23.328,23.376,23.376,23.4,23.424,23.4,23.4,23.4,23.4,23.424,23.328,23.4,23.424
1/2/16 6:45,23.4,23.376,23.328,23.376,23.376,23.352,23.352,23.328,23.376,23.352,23.376,23.424,23.4,23.4,23.376,23.376,23.4,23.328,23.4,23.424
1/2/16 7:00,23.4,23.376,23.328,23.376,23.376,23.352,23.352,23.328,23.376,23.352,23.376,23.424,23.4,23.4,23.376,23.376,23.424,23.328,23.4,23.424
1/2/16 7:15,23.4,23.352,23.328,23.352,23.376,23.352,23.352,23.304,23.352,23.352,23.376,23.4,23.376,23.376,23.376,23.376,23.4,23.304,23.4,23.4
1/2/16 7:30,23.4,23.352,23.304,23.352,23.352,23.352,23.352,23.304,23.352,23.352,23.352,23.4,23.376,23.376,23.376,23.376,23.4,23.304,23.376,23.4
1/2/16 7:45,23.4,23.352,23.304,23.352,23.352,23.328,23.352,23.304,23.352,23.352,23.352,23.4,23.376,23.376,23.352,23.352,23.4,23.304,23.376,23.4
1/2/16 8:00,23.4,23.352,23.304,23.352,23.352,23.352,23.352,23.304,23.352,23.352,23.352,23.4,23.376,23.376,23.352,23.352,23.376,23.304,23.376,23.4
1/2/16 8:15,23.4,23.352,23.304,23.352,23.352,23.352,23.352,23.304,23.352,23.352,23.352,23.4,23.376,23.376,23.376,23.376,23.4,23.304,23.376,23.4
1/2/16 8:30,23.4,23.352,23.328,23.352,23.376,23.352,23.352,23.304,23.352,23.352,23.376,23.4,23.376,23.376,23.376,23.376,23.4,23.304,23.4,23.4
1/2/16 8:45,23.4,23.376,23.328,23.376,23.376,23.352,23.352,23.328,23.376,23.352,23.376,23.424,23.4,23.4,23.376,23.376,23.4,23.328,23.4,23.424
1/2/16 9:00,23.424,23.376,23.328,23.376,23.4,23.376,23.376,23.328,23.376,23.376,23.4,23.448,23.4,23.4,23.4,23.4,23.424,23.328,23.4,23.424
1/2/16 9:15,23.448,23.4,23.352,23.4,23.424,23.4,23.4,23.352,23.4,23.4,23.424,23.448,23.424,23.424,23.424,23.424,23.448,23.352,23.448,23.448
1/2/16 9:30,23.472,23.424,23.376,23.424,23.448,23.424,23.424,23.376,23.424,23.424,23.448,23.472,23.448,23.448,23.448,23.448,23.472,23.376,23.472,23.472
1/2/16 9:45,23.497,23.448,23.424,23.472,23.472,23.448,23.448,23.4,23.448,23.448,23.472,23.521,23.472,23.472,23.472,23.472,23.497,23.4,23.497,23.497
1/2/16 10:00,23.545,23.497,23.448,23.497,23.497,23.497,23.497,23.448,23.497,23.497,23.497,23.545,23.521,23.521,23.521,23.497,23.545,23.448,23.521,23.545
1/2/16 10:15,23.593,23.545,23.497,23.545,23.545,23.545,23.545,23.497,23.545,23.521,23.545,23.593,23.569,23.569,23.545,23.545,23.593,23.497,23.569,23.593
1/2/16 10:30,23.617,23.593,23.545,23.593,23.593,23.569,23.593,23.545,23.593,23.569,23.593,23.641,23.593,23.617,23.593,23.593,23.617,23.545,23.617,23.617
1/2/16 10:45,23.689,23.641,23.593,23.641,23.641,23.641,23.641,23.593,23.641,23.641,23.665,23.713,23.665,23.665,23.665,23.641,23.689,23.593,23.689,23.689
1/2/16 11:00,23.761,23.713,23.665,23.713,23.737,23.713,23.713,23.665,23.713,23.713,23.737,23.785,23.737,23.737,23.737,23.737,23.761,23.665,23.761,23.761
1/2/16 11:15,23.809,23.761,23.713,23.761,23.785,23.761,23.761,23.713,23.761,23.761,23.785,23.833,23.785,23.785,23.785,23.785,23.809,23.713,23.809,23.809
1/2/16 11:30,23.857,23.833,23.785,23.833,23.833,23.809,23.833,23.785,23.833,23.809,23.833,23.881,23.833,23.857,23.833,23.833,23.857,23.785,23.857,23.857
1/2/16 11:45,23.905,23.881,23.833,23.881,23.881,23.881,23.881,23.833,23.881,23.857,23.881,23.93,23.881,23.905,23.881,23.881,23.905,23.833,23.905,23.905
1/2/16 12:00,24.002,23.954,23.93,23.978,23.978,23.978,23.978,23.93,23.954,23.954,23.978,24.05,24.002,23.978,23.978,23.978,24.002,23.905,24.002,24.002
1/2/16 12:15,24.098,24.05,24.002,24.05,24.05,24.05,24.05,24.002,24.05,24.026,24.074,24.122,24.074,24.074,24.074,24.05,24.074,24.002,24.074,24.098
1/2/16 12:30,24.146,24.098,24.05,24.122,24.122,24.098,24.098,24.05,24.098,24.098,24.122,24.171,24.122,24.122,24.122,24.122,24.146,24.05,24.146,24.146
1/2/16 12:45,24.219,24.171,24.122,24.171,24.171,24.171,24.171,24.122,24.171,24.146,24.171,24.219,24.195,24.195,24.171,24.171,24.219,24.122,24.195,24.219
1/2/16 13:00,24.267,24.219,24.171,24.219,24.243,24.219,24.219,24.171,24.219,24.219,24.243,24.291,24.243,24.267,24.243,24.243,24.267,24.171,24.267,24.267
1/2/16 13:15,24.315,24.267,24.243,24.291,24.291,24.267,24.267,24.219,24.267,24.267,24.291,24.339,24.291,24.315,24.291,24.291,24.315,24.219,24.315,24.315
1/2/16 13:30,24.363,24.339,24.291,24.339,24.339,24.315,24.339,24.291,24.339,24.315,24.339,24.388,24.363,24.363,24.339,24.339,24.363,24.291,24.363,24.363
1/2/16 13:45,24.436,24.388,24.339,24.388,24.388,24.388,24.388,24.339,24.388,24.388,24.412,24.436,24.412,24.412,24.412,24.412,24.436,24.339,24.412,24.436
1/2/16 14:00,24.46,24.436,24.388,24.436,24.436,24.436,24.436,24.388,24.436,24.412,24.436,24.484,24.46,24.46,24.436,24.436,24.46,24.388,24.46,24.484
1/2/16 14:15,24.508,24.46,24.436,24.484,24.484,24.46,24.46,24.436,24.46,24.46,24.484,24.532,24.484,24.508,24.484,24.484,24.508,24.412,24.508,24.508
1/2/16 14:30,24.557,24.508,24.46,24.508,24.508,24.508,24.508,24.46,24.508,24.508,24.508,24.557,24.532,24.532,24.532,24.508,24.557,24.46,24.532,24.557
1/2/16 14:45,24.557,24.532,24.484,24.532,24.532,24.532,24.532,24.484,24.532,24.508,24.532,24.581,24.532,24.557,24.532,24.532,24.557,24.484,24.557,24.581
1/2/16 15:00,24.581,24.532,24.484,24.532,24.557,24.532,24.532,24.484,24.532,24.532,24.557,24.581,24.557,24.557,24.557,24.557,24.581,24.508,24.581,24.581
1/2/16 15:15,24.605,24.557,24.508,24.557,24.557,24.557,24.557,24.508,24.557,24.557,24.557,24.605,24.581,24.581,24.581,24.557,24.605,24.508,24.581,24.605
1/2/16 15:30,24.581,24.532,24.508,24.557,24.557,24.532,24.532,24.508,24.557,24.532,24.557,24.605,24.557,24.581,24.557,24.557,24.581,24.508,24.581,24.605
1/2/16 15:45,24.581,24.532,24.508,24.557,24.557,24.532,24.532,24.508,24.557,24.532,24.557,24.605,24.557,24.581,24.557,24.557,24.581,24.508,24.581,24.605
1/2/16 16:00,24.581,24.557,24.508,24.557,24.557,24.532,24.532,24.508,24.532,24.532,24.557,24.605,24.557,24.557,24.557,24.557,24.581,24.508,24.581,24.581
1/2/16 16:15,24.605,24.557,24.508,24.557,24.557,24.557,24.557,24.508,24.557,24.557,24.557,24.605,24.581,24.581,24.557,24.557,24.605,24.508,24.581,24.605
1/2/16 16:30,24.581,24.532,24.508,24.557,24.557,24.532,24.532,24.484,24.532,24.532,24.557,24.581,24.557,24.557,24.557,24.557,24.581,24.508,24.557,24.581
1/2/16 16:45,24.581,24.532,24.484,24.532,24.532,24.532,24.532,24.484,24.532,24.532,24.532,24.581,24.557,24.557,24.557,24.557,24.581,24.484,24.557,24.581
1/2/16 17:00,24.557,24.508,24.46,24.508,24.532,24.508,24.508,24.46,24.508,24.508,24.508,24.557,24.532,24.532,24.532,24.532,24.557,24.46,24.532,24.557
1/2/16 17:15,24.508,24.484,24.436,24.484,24.484,24.46,24.46,24.436,24.484,24.46,24.484,24.532,24.508,24.508,24.508,24.508,24.508,24.436,24.508,24.532
1/2/16 17:30,24.484,24.436,24.412,24.46,24.46,24.436,24.436,24.412,24.46,24.436,24.46,24.484,24.46,24.484,24.46,24.46,24.484,24.412,24.484,24.508
1/2/16 17:45,24.46,24.412,24.363,24.412,24.412,24.412,24.412,24.363,24.412,24.412,24.412,24.46,24.436,24.436,24.436,24.436,24.46,24.363,24.436,24.46
1/2/16 18:00,24.412,24.363,24.339,24.388,24.388,24.363,24.363,24.315,24.363,24.363,24.388,24.412,24.388,24.412,24.388,24.388,24.412,24.339,24.412,24.412
1/2/16 18:15,24.388,24.339,24.291,24.339,24.339,24.339,24.339,24.291,24.339,24.339,24.363,24.388,24.363,24.363,24.363,24.363,24.388,24.291,24.363,24.388
1/2/16 18:30,24.339,24.315,24.267,24.315,24.315,24.291,24.291,24.267,24.315,24.291,24.315,24.363,24.315,24.339,24.315,24.315,24.363,24.267,24.339,24.363
1/2/16 18:45,24.315,24.267,24.243,24.291,24.291,24.267,24.267,24.219,24.267,24.267,24.291,24.315,24.291,24.315,24.291,24.291,24.315,24.243,24.315,24.315
1/2/16 19:00,24.291,24.243,24.195,24.243,24.243,24.243,24.243,24.195,24.243,24.243,24.243,24.291,24.267,24.267,24.267,24.267,24.291,24.195,24.267,24.291
1/2/16 19:15,24.243,24.219,24.171,24.219,24.219,24.195,24.195,24.146,24.219,24.195,24.219,24.243,24.219,24.219,24.219,24.219,24.243,24.171,24.243,24.243
1/2/16 19:30,24.219,24.171,24.122,24.171,24.171,24.171,24.171,24.122,24.171,24.171,24.171,24.219,24.195,24.195,24.195,24.195,24.219,24.122,24.195,24.219
1/2/16 19:45,24.171,24.122,24.098,24.146,24.146,24.122,24.122,24.074,24.146,24.122,24.146,24.171,24.146,24.171,24.146,24.146,24.171,24.098,24.171,24.195
1/2/16 20:00,24.146,24.098,24.05,24.098,24.098,24.098,24.098,24.05,24.098,24.098,24.098,24.146,24.122,24.122,24.122,24.122,24.146,24.05,24.122,24.146
1/2/16 20:15,24.098,24.05,24.026,24.074,24.074,24.05,24.05,24.002,24.05,24.05,24.074,24.098,24.074,24.074,24.074,24.074,24.098,24.026,24.074,24.098
1/2/16 20:30,24.05,24.026,23.978,24.026,24.026,24.002,24.026,23.978,24.026,24.002,24.026,24.074,24.026,24.05,24.026,24.026,24.05,23.978,24.05,24.074
1/2/16 20:45,24.026,23.978,23.93,23.978,23.978,23.978,23.978,23.93,23.978,23.978,24.002,24.026,24.002,24.002,24.002,24.002,24.026,23.93,24.002,24.026
1/2/16 21:00,23.978,23.954,23.905,23.954,23.954,23.93,23.93,23.905,23.954,23.93,23.954,23.978,23.954,23.978,23.954,23.954,23.978,23.905,23.978,24.002
1/2/16 21:15,23.93,23.905,23.857,23.905,23.905,23.905,23.905,23.857,23.905,23.905,23.93,23.954,23.93,23.93,23.93,23.93,23.954,23.857,23.93,23.954
1/2/16 21:30,23.905,23.857,23.833,23.857,23.857,23.857,23.857,23.809,23.857,23.857,23.881,23.905,23.881,23.881,23.881,23.881,23.905,23.833,23.881,23.905
1/2/16 21:45,23.857,23.833,23.785,23.833,23.833,23.809,23.809,23.785,23.833,23.809,23.833,23.881,23.833,23.857,23.833,23.833,23.857,23.785,23.857,23.881
1/2/16 22:00,23.833,23.785,23.737,23.785,23.809,23.785,23.785,23.737,23.785,23.785,23.809,23.833,23.809,23.809,23.809,23.809,23.833,23.737,23.809,23.833
1/2/16 22:15,23.785,23.761,23.713,23.761,23.761,23.737,23.737,23.713,23.761,23.737,23.761,23.809,23.761,23.785,23.761,23.761,23.809,23.713,23.785,23.809
1/2/16 22:30,23.761,23.713,23.665,23.737,23.737,23.713,23.713,23.665,23.713,23.713,23.737,23.761,23.737,23.737,23.737,23.737,23.761,23.665,23.737,23.761
1/2/16 22:45,23.737,23.689,23.641,23.689,23.689,23.689,23.689,23.641,23.689,23.689,23.713,23.737,23.713,23.713,23.713,23.713,23.737,23.641,23.713,23.737
1/2/16 23:00,23.713,23.665,23.617,23.665,23.665,23.665,23.665,23.617,23.665,23.665,23.689,23.713,23.689,23.689,23.689,23.689,23.713,23.617,23.689,23.713
1/2/16 23:15,23.689,23.641,23.617,23.641,23.641,23.641,23.641,23.593,23.641,23.641,23.665,23.689,23.665,23.665,23.665,23.665,23.689,23.593,23.665,23.689
1/2/16 23:30,23.665,23.641,23.593,23.641,23.641,23.617,23.617,23.593,23.641,23.617,23.641,23.689,23.641,23.665,23.641,23.641,23.665,23.593,23.665,23.689
1/2/16 23:45,23.665,23.617,23.569,23.617,23.617,23.617,23.617,23.569,23.617,23.617,23.617,23.665,23.641,23.641,23.641,23.641,23.665,23.569,23.641,23.665
1/3/16 0:00,23.641,23.593,23.545,23.593,23.617,23.593,23.593,23.545,23.593,23.593,23.617,23.641,23.617,23.617,23.617,23.617,23.641,23.545,23.617,23.641
1/3/16 0:15,23.641,23.593,23.545,23.593,23.593,23.569,23.569,23.545,23.593,23.569,23.593,23.641,23.593,23.617,23.593,23.593,23.617,23.545,23.617,23.641
1/3/16 0:30,23.617,23.569,23.521,23.569,23.569,23.569,23.569,23.521,23.569,23.569,23.593,23.617,23.593,23.593,23.593,23.593,23.617,23.521,23.593,23.617
1/3/16 0:45,23.593,23.545,23.521,23.569,23.569,23.545,23.545,23.497,23.569,23.545,23.569,23.593,23.569,23.593,23.569,23.569,23.593,23.521,23.593,23.617
1/3/16 1:00,23.593,23.545,23.497,23.545,23.545,23.545,23.545,23.497,23.545,23.545,23.545,23.593,23.569,23.569,23.569,23.545,23.593,23.497,23.569,23.593
1/3/16 1:15,23.569,23.545,23.497,23.545,23.545,23.521,23.521,23.472,23.545,23.521,23.545,23.593,23.545,23.545,23.545,23.545,23.569,23.497,23.569,23.593
1/3/16 1:30,23.569,23.521,23.497,23.521,23.521,23.521,23.521,23.472,23.521,23.521,23.545,23.569,23.545,23.545,23.545,23.545,23.569,23.472,23.545,23.569
1/3/16 1:45,23.569,23.521,23.472,23.521,23.521,23.521,23.521,23.472,23.521,23.521,23.521,23.569,23.545,23.545,23.545,23.545,23.569,23.472,23.545,23.569
1/3/16 2:00,23.545,23.521,23.472,23.521,23.521,23.497,23.497,23.472,23.521,23.497,23.521,23.569,23.545,23.545,23.521,23.521,23.569,23.472,23.545,23.569
1/3/16 2:15,23.545,23.521,23.472,23.521,23.521,23.497,23.497,23.448,23.521,23.497,23.521,23.569,23.521,23.545,23.521,23.521,23.545,23.472,23.545,23.569
1/3/16 2:30,23.545,23.521,23.472,23.521,23.521,23.497,23.497,23.448,23.521,23.497,23.521,23.569,23.521,23.545,23.521,23.521,23.545,23.472,23.545,23.569
1/3/16 2:45,23.545,23.497,23.472,23.521,23.521,23.497,23.497,23.448,23.497,23.497,23.521,23.545,23.521,23.545,23.521,23.521,23.545,23.448,23.545,23.545
1/3/16 3:00,23.545,23.497,23.472,23.521,23.521,23.497,23.497,23.448,23.497,23.497,23.521,23.545,23.521,23.545,23.521,23.521,23.545,23.472,23.545,23.545
1/3/16 3:15,23.545,23.497,23.472,23.521,23.521,23.497,23.497,23.448,23.497,23.497,23.521,23.545,23.521,23.545,23.521,23.521,23.545,23.472,23.545,23.545
1/3/16 3:30,23.545,23.497,23.472,23.521,23.521,23.497,23.497,23.448,23.521,23.497,23.521,23.569,23.521,23.545,23.521,23.521,23.545,23.472,23.545,23.545
1/3/16 3:45,23.545,23.497,23.472,23.521,23.521,23.497,23.497,23.448,23.497,23.497,23.521,23.569,23.521,23.521,23.521,23.521,23.545,23.448,23.545,23.545
1/3/16 4:00,23.545,23.497,23.472,23.521,23.521,23.497,23.497,23.448,23.497,23.497,23.521,23.545,23.521,23.521,23.521,23.521,23.545,23.448,23.545,23.545
1/3/16 4:15,23.545,23.497,23.472,23.521,23.521,23.497,23.497,23.448,23.497,23.497,23.521,23.545,23.521,23.521,23.521,23.521,23.545,23.448,23.545,23.545
1/3/16 4:30,23.545,23.497,23.472,23.521,23.521,23.497,23.497,23.448,23.497,23.497,23.521,23.545,23.521,23.521,23.521,23.521,23.545,23.448,23.545,23.545
1/3/16 4:45,23.545,23.497,23.472,23.521,23.521,23.497,23.497,23.448,23.497,23.497,23.521,23.545,23.521,23.521,23.521,23.521,23.545,23.448,23.545,23.545
1/3/16 5:00,23.545,23.497,23.472,23.521,23.521,23.497,23.497,23.448,23.497,23.497,23.521,23.545,23.521,23.521,23.521,23.521,23.545,23.448,23.521,23.545
1/3/16 5:15,23.545,23.497,23.472,23.521,23.521,23.497,23.497,23.448,23.497,23.497,23.521,23.545,23.521,23.521,23.521,23.521,23.545,23.448,23.521,23.545
1/3/16 5:30,23.545,23.497,23.448,23.497,23.497,23.497,23.497,23.448,23.497,23.497,23.497,23.545,23.521,23.521,23.521,23.521,23.545,23.448,23.521,23.545
1/3/16 5:45,23.521,23.472,23.448,23.497,23.497,23.472,23.472,23.424,23.472,23.472,23.497,23.521,23.497,23.497,23.497,23.497,23.521,23.448,23.521,23.521
1/3/16 6:00,23.497,23.472,23.424,23.472,23.472,23.448,23.472,23.424,23.472,23.472,23.472,23.521,23.497,23.497,23.472,23.497,23.521,23.424,23.497,23.521
1/3/16 6:15,23.497,23.448,23.4,23.448,23.448,23.448,23.448,23.4,23.448,23.448,23.472,23.497,23.472,23.472,23.472,23.472,23.497,23.4,23.497,23.497
1/3/16 6:30,23.472,23.448,23.4,23.448,23.448,23.424,23.424,23.4,23.448,23.424,23.448,23.497,23.448,23.472,23.448,23.448,23.472,23.4,23.472,23.497
1/3/16 6:45,23.448,23.424,23.376,23.424,23.424,23.4,23.4,23.376,23.424,23.4,23.424,23.472,23.448,23.448,23.424,23.424,23.448,23.376,23.448,23.472
1/3/16 7:00,23.448,23.4,23.376,23.4,23.424,23.4,23.4,23.352,23.4,23.4,23.424,23.448,23.424,23.424,23.424,23.424,23.448,23.352,23.448,23.448
1/3/16 7:15,23.448,23.4,23.352,23.4,23.4,23.376,23.376,23.352,23.4,23.376,23.4,23.448,23.4,23.424,23.4,23.4,23.448,23.352,23.424,23.448
1/3/16 7:30,23.424,23.376,23.352,23.4,23.4,23.376,23.376,23.328,23.376,23.376,23.4,23.424,23.4,23.4,23.4,23.4,23.424,23.352,23.424,23.424
1/3/16 7:45,23.424,23.376,23.352,23.376,23.4,23.376,23.376,23.328,23.376,23.376,23.4,23.424,23.4,23.4,23.4,23.4,23.424,23.328,23.4,23.424
1/3/16 8:00,23.424,23.376,23.352,23.4,23.4,23.376,23.376,23.328,23.376,23.376,23.4,23.448,23.4,23.4,23.4,23.4,23.424,23.352,23.424,23.424
1/3/16 8:15,23.448,23.4,23.352,23.4,23.4,23.376,23.376,23.352,23.4,23.376,23.4,23.448,23.4,23.424,23.4,23.4,23.424,23.352,23.424,23.448
1/3/16 8:30,23.448,23.4,23.352,23.4,23.4,23.4,23.4,23.352,23.4,23.4,23.4,23.448,23.424,23.424,23.424,23.424,23.448,23.352,23.424,23.448
1/3/16 8:45,23.448,23.424,23.376,23.424,23.424,23.424,23.424,23.376,23.424,23.4,23.424,23.472,23.448,23.448,23.448,23.448,23.448,23.376,23.448,23.472
1/3/16 9:00,23.497,23.448,23.4,23.448,23.448,23.448,23.448,23.4,23.448,23.448,23.448,23.497,23.472,23.472,23.448,23.448,23.497,23.4,23.472,23.497
1/3/16 9:15,23.521,23.472,23.448,23.497,23.497,23.472,23.472,23.448,23.472,23.472,23.497,23.545,23.497,23.497,23.497,23.497,23.521,23.448,23.521,23.521
1/3/16 9:30,23.569,23.521,23.472,23.521,23.521,23.521,23.521,23.472,23.521,23.497,23.545,23.569,23.545,23.545,23.545,23.521,23.545,23.472,23.545,23.569
1/3/16 9:45,23.593,23.545,23.497,23.545,23.545,23.545,23.545,23.497,23.545,23.545,23.569,23.593,23.569,23.569,23.569,23.569,23.593,23.497,23.569,23.593
1/3/16 10:00,23.617,23.569,23.521,23.569,23.569,23.569,23.569,23.521,23.569,23.569,23.569,23.617,23.593,23.593,23.593,23.569,23.617,23.521,23.593,23.617
1/3/16 10:15,23.641,23.593,23.545,23.593,23.593,23.593,23.593,23.545,23.593,23.593,23.617,23.641,23.617,23.617,23.617,23.617,23.641,23.545,23.641,23.641
1/3/16 10:30,23.665,23.641,23.593,23.641,23.641,23.617,23.617,23.593,23.641,23.617,23.641,23.689,23.641,23.665,23.641,23.641,23.665,23.593,23.665,23.665
1/3/16 10:45,23.713,23.665,23.641,23.689,23.689,23.665,23.665,23.641,23.665,23.665,23.689,23.737,23.689,23.689,23.689,23.689,23.713,23.617,23.713,23.713
1/3/16 11:00,23.809,23.761,23.713,23.761,23.761,23.761,23.761,23.713,23.761,23.761,23.785,23.833,23.785,23.785,23.785,23.761,23.809,23.713,23.785,23.809
1/3/16 11:15,23.881,23.833,23.785,23.833,23.833,23.833,23.833,23.785,23.833,23.809,23.833,23.881,23.857,23.857,23.833,23.833,23.857,23.785,23.857,23.881
1/3/16 11:30,23.93,23.881,23.833,23.881,23.881,23.881,23.881,23.833,23.881,23.881,23.905,23.954,23.905,23.905,23.905,23.881,23.93,23.833,23.93,23.93
1/3/16 11:45,23.978,23.93,23.881,23.93,23.93,23.93,23.93,23.881,23.93,23.93,23.954,23.978,23.954,23.954,23.954,23.93,23.978,23.881,23.954,23.978
1/3/16 12:00,24.026,23.978,23.93,23.978,24.002,23.978,23.978,23.93,23.978,23.978,24.002,24.05,24.002,24.026,24.002,24.002,24.026,23.93,24.026,24.026
1/3/16 12:15,24.074,24.05,24.002,24.05,24.05,24.026,24.05,24.002,24.05,24.026,24.05,24.098,24.05,24.074,24.05,24.05,24.074,23.978,24.074,24.074
1/3/16 12:30,24.122,24.098,24.05,24.098,24.098,24.098,24.098,24.05,24.098,24.074,24.098,24.146,24.122,24.122,24.098,24.098,24.122,24.05,24.122,24.122
1/3/16 12:45,24.171,24.122,24.098,24.146,24.146,24.122,24.122,24.074,24.122,24.122,24.146,24.195,24.146,24.171,24.146,24.146,24.171,24.074,24.171,24.171
1/3/16 13:00,24.219,24.171,24.122,24.171,24.195,24.171,24.171,24.122,24.171,24.171,24.195,24.219,24.195,24.195,24.195,24.195,24.219,24.122,24.219,24.219
1/3/16 13:15,24.267,24.219,24.171,24.219,24.219,24.219,24.219,24.171,24.219,24.195,24.219,24.267,24.219,24.243,24.219,24.219,24.243,24.171,24.243,24.267
1/3/16 13:30,24.291,24.267,24.219,24.267,24.267,24.243,24.267,24.219,24.267,24.243,24.267,24.315,24.267,24.291,24.267,24.267,24.291,24.219,24.291,24.291
1/3/16 13:45,24.339,24.315,24.267,24.315,24.315,24.291,24.315,24.267,24.315,24.291,24.315,24.363,24.315,24.339,24.315,24.315,24.339,24.267,24.339,24.339
1/3/16 14:00,24.388,24.339,24.291,24.339,24.363,24.339,24.339,24.291,24.339,24.339,24.363,24.388,24.363,24.363,24.363,24.363,24.388,24.291,24.363,24.388
1/3/16 14:15,24.412,24.363,24.339,24.388,24.388,24.363,24.363,24.339,24.388,24.363,24.388,24.436,24.388,24.412,24.388,24.388,24.412,24.339,24.412,24.412
1/3/16 14:30,24.436,24.412,24.363,24.412,24.412,24.388,24.388,24.363,24.412,24.388,24.412,24.46,24.412,24.436,24.412,24.412,24.436,24.363,24.436,24.436
1/3/16 14:45,24.46,24.412,24.363,24.412,24.436,24.412,24.412,24.363,24.412,24.412,24.436,24.46,24.436,24.436,24.436,24.436,24.46,24.363,24.46,24.46
1/3/16 15:00,24.484,24.436,24.388,24.436,24.436,24.436,24.436,24.388,24.436,24.412,24.436,24.484,24.46,24.46,24.46,24.436,24.484,24.388,24.46,24.484
1/3/16 15:15,24.484,24.436,24.412,24.46,24.46,24.436,24.436,24.412,24.436,24.436,24.46,24.508,24.46,24.46,24.46,24.46,24.484,24.412,24.484,24.484
1/3/16 15:30,24.484,24.436,24.412,24.46,24.46,24.436,24.436,24.412,24.436,24.436,24.46,24.484,24.46,24.46,24.46,24.46,24.484,24.412,24.484,24.484
1/3/16 15:45,24.484,24.436,24.412,24.46,24.46,24.436,24.436,24.388,24.46,24.436,24.46,24.484,24.46,24.46,24.46,24.46,24.484,24.412,24.484,24.484
1/3/16 16:00,24.484,24.436,24.388,24.436,24.46,24.436,24.436,24.388,24.436,24.436,24.46,24.484,24.46,24.46,24.46,24.46,24.484,24.388,24.46,24.484
1/3/16 16:15,24.46,24.412,24.388,24.436,24.436,24.412,24.412,24.388,24.412,24.412,24.436,24.46,24.436,24.46,24.436,24.436,24.46,24.388,24.46,24.46
1/3/16 16:30,24.436,24.412,24.363,24.412,24.412,24.388,24.388,24.363,24.412,24.388,24.412,24.46,24.412,24.436,24.412,24.412,24.436,24.363,24.436,24.46
1/3/16 16:45,24.412,24.363,24.339,24.388,24.388,24.363,24.363,24.339,24.363,24.363,24.388,24.412,24.388,24.412,24.388,24.388,24.412,24.339,24.412,24.412
1/3/16 17:00,24.388,24.339,24.291,24.339,24.363,24.339,24.339,24.291,24.339,24.339,24.363,24.388,24.363,24.363,24.363,24.363,24.388,24.291,24.363,24.388
1/3/16 17:15,24.339,24.315,24.267,24.315,24.315,24.315,24.315,24.267,24.315,24.291,24.315,24.363,24.315,24.339,24.315,24.315,24.363,24.267,24.339,24.363
1/3/16 17:30,24.315,24.267,24.243,24.291,24.291,24.267,24.267,24.219,24.267,24.267,24.291,24.315,24.291,24.291,24.291,24.291,24.315,24.243,24.315,24.315
1/3/16 17:45,24.291,24.243,24.195,24.243,24.243,24.243,24.243,24.195,24.243,24.243,24.243,24.291,24.267,24.267,24.243,24.267,24.291,24.195,24.267,24.291
1/3/16 18:00,24.243,24.195,24.146,24.219,24.219,24.195,24.195,24.146,24.195,24.195,24.219,24.243,24.219,24.219,24.219,24.219,24.243,24.146,24.219,24.243
1/3/16 18:15,24.195,24.146,24.122,24.171,24.171,24.146,24.146,24.098,24.146,24.146,24.171,24.195,24.171,24.171,24.171,24.171,24.195,24.122,24.171,24.219
1/3/16 18:30,24.146,24.098,24.05,24.122,24.122,24.098,24.098,24.05,24.098,24.098,24.122,24.146,24.122,24.122,24.122,24.122,24.146,24.074,24.122,24.146
1/3/16 18:45,24.098,24.05,24.002,24.05,24.05,24.05,24.05,24.002,24.05,24.05,24.074,24.098,24.074,24.074,24.074,24.074,24.098,24.026,24.074,24.098
1/3/16 19:00,24.05,24.002,23.954,24.026,24.026,24.002,24.002,23.954,24.002,24.002,24.026,24.05,24.026,24.026,24.026,24.026,24.05,23.978,24.026,24.05
1/3/16 19:15,24.002,23.954,23.93,23.978,23.978,23.954,23.954,23.905,23.954,23.954,23.978,24.002,23.978,23.978,23.978,23.978,24.002,23.93,23.978,24.026
1/3/16 19:30,23.954,23.905,23.881,23.93,23.93,23.905,23.905,23.857,23.93,23.905,23.93,23.954,23.93,23.93,23.93,23.93,23.954,23.881,23.954,23.978
1/3/16 19:45,23.93,23.881,23.833,23.881,23.881,23.881,23.881,23.833,23.881,23.881,23.881,23.93,23.905,23.905,23.905,23.905,23.93,23.833,23.905,23.93
1/3/16 20:00,23.881,23.857,23.809,23.857,23.857,23.833,23.833,23.809,23.857,23.833,23.857,23.905,23.857,23.881,23.857,23.857,23.881,23.809,23.881,23.905
1/3/16 20:15,23.857,23.833,23.785,23.833,23.833,23.809,23.809,23.785,23.833,23.809,23.833,23.881,23.833,23.857,23.833,23.833,23.857,23.785,23.857,23.881
1/3/16 20:30,23.833,23.809,23.761,23.809,23.809,23.785,23.785,23.761,23.809,23.785,23.809,23.857,23.809,23.833,23.809,23.809,23.833,23.761,23.833,23.857
1/3/16 20:45,23.809,23.785,23.737,23.785,23.785,23.761,23.761,23.737,23.785,23.761,23.785,23.833,23.785,23.809,23.785,23.785,23.809,23.737,23.809,23.833
1/3/16 21:00,23.785,23.761,23.713,23.761,23.761,23.737,23.737,23.689,23.737,23.737,23.761,23.785,23.761,23.785,23.761,23.761,23.785,23.713,23.785,23.809
1/3/16 21:15,23.761,23.737,23.689,23.737,23.737,23.713,23.713,23.665,23.737,23.713,23.737,23.785,23.737,23.761,23.737,23.737,23.761,23.689,23.761,23.785
1/3/16 21:30,23.737,23.689,23.665,23.713,23.713,23.689,23.689,23.641,23.689,23.689,23.713,23.737,23.713,23.737,23.713,23.713,23.737,23.665,23.737,23.737
1/3/16 21:45,23.713,23.665,23.641,23.689,23.689,23.665,23.665,23.617,23.689,23.665,23.689,23.713,23.689,23.689,23.689,23.689,23.713,23.641,23.713,23.737
1/3/16 22:00,23.689,23.665,23.617,23.665,23.665,23.641,23.641,23.617,23.665,23.641,23.665,23.713,23.665,23.689,23.665,23.665,23.689,23.617,23.689,23.713
1/3/16 22:15,23.689,23.641,23.593,23.641,23.641,23.641,23.641,23.593,23.641,23.641,23.641,23.689,23.665,23.665,23.641,23.665,23.689,23.593,23.665,23.689
1/3/16 22:30,23.665,23.617,23.569,23.617,23.617,23.617,23.617,23.569,23.617,23.617,23.641,23.665,23.641,23.641,23.641,23.641,23.665,23.569,23.641,23.665
1/3/16 22:45,23.641,23.593,23.569,23.593,23.617,23.593,23.593,23.545,23.593,23.593,23.617,23.641,23.617,23.617,23.617,23.617,23.641,23.545,23.617,23.641
1/3/16 23:00,23.617,23.593,23.545,23.593,23.593,23.569,23.569,23.545,23.593,23.569,23.593,23.641,23.593,23.617,23.593,23.593,23.617,23.545,23.617,23.641
1/3/16 23:15,23.617,23.569,23.521,23.569,23.569,23.569,23.569,23.521,23.569,23.569,23.569,23.617,23.593,23.593,23.593,23.593,23.617,23.521,23.593,23.617
1/3/16 23:30,23.593,23.545,23.521,23.569,23.569,23.545,23.545,23.497,23.569,23.545,23.569,23.617,23.569,23.593,23.569,23.569,23.593,23.521,23.593,23.617
1/3/16 23:45,23.593,23.545,23.497,23.545,23.545,23.545,23.545,23.497,23.545,23.545,23.545,23.593,23.569,23.569,23.569,23.569,23.593,23.497,23.569,23.593
1/4/16 0:00,23.569,23.545,23.497,23.545,23.545,23.521,23.521,23.497,23.545,23.521,23.545,23.593,23.545,23.569,23.545,23.545,23.569,23.497,23.569,23.593
1/4/16 0:15,23.569,23.521,23.497,23.521,23.545,23.521,23.521,23.472,23.521,23.521,23.545,23.569,23.545,23.545,23.545,23.545,23.569,23.472,23.545,23.569
1/4/16 0:30,23.545,23.521,23.472,23.521,23.521,23.497,23.521,23.472,23.521,23.497,23.521,23.569,23.545,23.545,23.521,23.521,23.545,23.472,23.545,23.569
1/4/16 0:45,23.545,23.497,23.472,23.521,23.521,23.497,23.497,23.448,23.497,23.497,23.521,23.545,23.521,23.521,23.521,23.521,23.545,23.448,23.545,23.545
1/4/16 1:00,23.545,23.497,23.448,23.497,23.521,23.497,23.497,23.448,23.497,23.497,23.521,23.545,23.521,23.521,23.521,23.521,23.545,23.448,23.521,23.545
1/4/16 1:15,23.545,23.497,23.448,23.497,23.497,23.497,23.497,23.448,23.497,23.497,23.497,23.545,23.521,23.521,23.497,23.497,23.545,23.448,23.521,23.545
1/4/16 1:30,23.521,23.472,23.448,23.497,23.497,23.472,23.472,23.424,23.472,23.472,23.497,23.521,23.497,23.497,23.497,23.497,23.521,23.448,23.521,23.521
1/4/16 1:45,23.521,23.472,23.424,23.472,23.472,23.472,23.472,23.424,23.472,23.472,23.472,23.521,23.497,23.497,23.497,23.497,23.521,23.424,23.497,23.521
1/4/16 2:00,23.497,23.472,23.424,23.472,23.472,23.448,23.448,23.424,23.472,23.448,23.472,23.521,23.472,23.497,23.472,23.472,23.497,23.424,23.497,23.521
1/4/16 2:15,23.497,23.448,23.4,23.448,23.448,23.448,23.448,23.4,23.448,23.448,23.472,23.497,23.472,23.472,23.472,23.472,23.497,23.4,23.472,23.497
1/4/16 2:30,23.472,23.448,23.4,23.448,23.448,23.424,23.448,23.4,23.448,23.448,23.448,23.497,23.448,23.472,23.448,23.448,23.472,23.4,23.472,23.497
1/4/16 2:45,23.472,23.424,23.376,23.424,23.424,23.424,23.424,23.376,23.424,23.424,23.448,23.472,23.448,23.448,23.448,23.448,23.472,23.376,23.448,23.472
1/4/16 3:00,23.448,23.4,23.352,23.4,23.4,23.4,23.4,23.352,23.4,23.4,23.4,23.448,23.424,23.424,23.424,23.424,23.448,23.352,23.424,23.448
1/4/16 3:15,23.424,23.376,23.328,23.376,23.376,23.376,23.376,23.328,23.376,23.376,23.4,23.424,23.4,23.4,23.4,23.4,23.424,23.328,23.4,23.424
1/4/16 3:30,23.4,23.352,23.304,23.352,23.352,23.352,23.352,23.304,23.352,23.352,23.376,23.4,23.376,23.376,23.376,23.376,23.4,23.304,23.376,23.4
1/4/16 3:45,23.376,23.328,23.304,23.352,23.352,23.328,23.328,23.28,23.328,23.328,23.352,23.376,23.352,23.352,23.352,23.352,23.376,23.304,23.352,23.376
1/4/16 4:00,23.352,23.304,23.28,23.328,23.328,23.304,23.304,23.256,23.304,23.304,23.328,23.352,23.328,23.328,23.328,23.328,23.352,23.256,23.352,23.352
1/4/16 4:15,23.328,23.304,23.256,23.304,23.304,23.28,23.28,23.232,23.304,23.28,23.304,23.352,23.304,23.304,23.304,23.304,23.328,23.256,23.328,23.352
1/4/16 4:30,23.304,23.256,23.232,23.28,23.28,23.256,23.256,23.208,23.256,23.256,23.28,23.304,23.28,23.28,23.28,23.28,23.304,23.208,23.304,23.304
1/4/16 4:45,23.28,23.232,23.208,23.256,23.256,23.232,23.232,23.184,23.232,23.232,23.256,23.28,23.256,23.256,23.256,23.256,23.28,23.184,23.256,23.28
1/4/16 5:00,23.256,23.232,23.184,23.232,23.232,23.208,23.208,23.184,23.232,23.208,23.232,23.28,23.232,23.256,23.232,23.232,23.256,23.184,23.256,23.28
1/4/16 5:15,23.256,23.208,23.16,23.208,23.208,23.208,23.208,23.16,23.208,23.208,23.232,23.256,23.232,23.232,23.232,23.232,23.256,23.16,23.232,23.256
1/4/16 5:30,23.232,23.208,23.16,23.208,23.208,23.184,23.184,23.16,23.208,23.184,23.208,23.256,23.208,23.232,23.208,23.208,23.232,23.16,23.232,23.256
1/4/16 5:45,23.232,23.184,23.16,23.208,23.208,23.184,23.184,23.136,23.184,23.184,23.208,23.256,23.208,23.208,23.208,23.208,23.232,23.16,23.232,23.256
1/4/16 6:00,23.232,23.184,23.136,23.184,23.184,23.184,23.184,23.136,23.184,23.184,23.208,23.232,23.208,23.208,23.208,23.208,23.232,23.136,23.208,23.232
1/4/16 6:15,23.232,23.184,23.136,23.184,23.184,23.184,23.184,23.136,23.184,23.184,23.184,23.232,23.208,23.208,23.208,23.208,23.232,23.136,23.208,23.232
1/4/16 6:30,23.232,23.184,23.136,23.184,23.184,23.16,23.184,23.136,23.184,23.184,23.184,23.232,23.208,23.208,23.208,23.208,23.232,23.136,23.208,23.232
1/4/16 6:45,23.208,23.184,23.136,23.184,23.184,23.16,23.16,23.136,23.184,23.16,23.184,23.232,23.184,23.208,23.184,23.184,23.208,23.136,23.208,23.232
1/4/16 7:00,23.208,23.16,23.136,23.184,23.184,23.16,23.16,23.112,23.184,23.16,23.184,23.208,23.208,23.208,23.184,23.184,23.208,23.136,23.208,23.208
1/4/16 7:15,23.208,23.16,23.136,23.184,23.184,23.16,23.16,23.112,23.184,23.16,23.184,23.232,23.184,23.208,23.184,23.184,23.208,23.112,23.208,23.208
1/4/16 7:30,23.208,23.16,23.136,23.184,23.184,23.16,23.16,23.112,23.16,23.16,23.184,23.208,23.184,23.184,23.184,23.184,23.208,23.112,23.208,23.208
1/4/16 7:45,23.208,23.184,23.136,23.184,23.184,23.16,23.16,23.136,23.184,23.16,23.184,23.232,23.184,23.208,23.184,23.184,23.208,23.136,23.208,23.232
1/4/16 8:00,23.208,23.184,23.136,23.184,23.184,23.16,23.16,23.136,23.184,23.16,23.184,23.232,23.184,23.208,23.184,23.184,23.208,23.136,23.208,23.232
1/4/16 8:15,23.208,23.16,23.112,23.16,23.16,23.16,23.16,23.112,23.16,23.16,23.184,23.208,23.184,23.184,23.184,23.184,23.208,23.112,23.184,23.208
1/4/16 8:30,23.208,23.16,23.112,23.16,23.16,23.16,23.16,23.112,23.16,23.16,23.16,23.208,23.184,23.184,23.16,23.16,23.208,23.112,23.184,23.208
1/4/16 8:45,23.208,23.16,23.112,23.16,23.16,23.16,23.16,23.112,23.16,23.16,23.16,23.208,23.184,23.184,23.184,23.184,23.208,23.112,23.184,23.208
1/4/16 9:00,23.232,23.184,23.136,23.184,23.184,23.16,23.184,23.136,23.184,23.16,23.184,23.232,23.208,23.208,23.184,23.184,23.208,23.136,23.208,23.232
1/4/16 9:15,23.256,23.232,23.184,23.232,23.232,23.208,23.232,23.184,23.232,23.208,23.232,23.28,23.256,23.256,23.232,23.232,23.256,23.184,23.256,23.256
1/4/16 9:30,23.352,23.328,23.28,23.328,23.328,23.304,23.328,23.28,23.328,23.304,23.328,23.376,23.352,23.352,23.352,23.328,23.352,23.256,23.352,23.352
1/4/16 9:45,23.497,23.448,23.4,23.448,23.448,23.448,23.448,23.4,23.448,23.448,23.472,23.497,23.472,23.472,23.472,23.448,23.497,23.4,23.472,23.497
1/4/16 10:00,23.593,23.545,23.497,23.545,23.569,23.545,23.569,23.593,23.545,23.545,23.569,23.617,23.569,23.569,23.569,23.545,23.593,23.497,23.593,23.593
1/4/16 10:15,23.785,23.737,23.689,23.737,23.737,23.737,23.857,23.761,23.737,23.713,23.737,23.785,23.761,23.761,23.761,23.737,23.761,23.689,23.809,23.761
1/4/16 10:30,23.978,23.905,23.857,23.905,23.905,23.905,24.05,23.93,23.905,23.905,23.954,23.954,23.93,23.93,23.93,23.905,23.93,23.857,23.978,23.93
1/4/16 10:45,24.074,24.002,23.954,24.026,24.026,24.026,24.122,24.026,24.002,24.002,24.074,24.122,24.074,24.026,24.026,24.026,24.05,23.954,24.074,24.05
1/4/16 11:00,24.219,24.146,24.098,24.146,24.146,24.339,24.243,24.146,24.146,24.122,24.195,24.388,24.219,24.171,24.146,24.146,24.171,24.074,24.195,24.171
1/4/16 11:15,24.388,24.315,24.267,24.315,24.315,24.508,24.363,24.291,24.315,24.291,24.339,24.605,24.412,24.339,24.315,24.315,24.339,24.243,24.363,24.339
1/4/16 11:30,24.557,24.484,24.436,24.508,24.508,24.653,24.508,24.436,24.508,24.484,24.508,24.75,24.581,24.508,24.508,24.484,24.532,24.436,24.532,24.508
1/4/16 11:45,24.726,24.677,24.629,24.702,24.677,24.798,24.677,24.629,24.677,24.653,24.702,24.919,24.774,24.702,24.702,24.677,24.702,24.605,24.702,24.702
1/4/16 12:00,24.847,24.798,24.774,24.823,24.823,24.944,24.798,24.75,24.823,24.798,24.823,25.089,24.919,24.847,24.823,24.798,24.847,24.75,24.847,24.847
1/4/16 12:15,24.944,24.919,24.871,24.919,24.919,24.919,24.919,24.871,24.919,24.895,24.919,24.992,24.944,24.944,24.919,24.919,24.944,24.871,24.944,24.944
1/4/16 12:30,25.016,24.968,24.919,24.968,24.968,24.968,24.968,24.919,24.968,24.944,24.992,25.065,24.992,24.992,24.992,24.992,24.992,24.919,25.016,25.016
1/4/16 12:45,25.04,24.992,24.944,25.016,25.016,24.992,24.992,24.944,24.992,24.992,25.016,25.065,25.016,25.04,25.016,25.016,25.04,24.944,25.04,25.04
1/4/16 13:00,25.065,25.016,24.992,25.04,25.04,25.016,25.016,24.992,25.016,25.016,25.04,25.089,25.04,25.065,25.04,25.04,25.065,24.992,25.065,25.065
1/4/16 13:15,25.065,25.016,24.992,25.04,25.04,25.016,25.016,24.968,25.016,25.016,25.04,25.089,25.04,25.04,25.04,25.04,25.065,24.992,25.065,25.065
1/4/16 13:30,25.04,25.016,24.968,25.016,25.016,24.992,25.016,24.968,25.016,25.016,25.016,25.065,25.04,25.04,25.016,25.016,25.04,24.968,25.04,25.04
1/4/16 13:45,25.016,24.992,24.944,24.992,24.992,24.992,24.992,24.944,24.992,24.992,24.992,25.04,25.016,25.016,24.992,24.992,25.016,24.944,25.016,25.04
1/4/16 14:00,25.016,24.968,24.919,24.968,24.968,24.968,24.944,24.919,24.968,24.944,24.968,25.016,24.992,24.992,24.992,24.992,24.992,24.919,24.992,25.016
1/4/16 14:15,24.992,24.944,24.895,24.944,24.944,24.919,24.919,24.895,24.944,24.919,24.944,24.992,24.944,24.968,24.944,24.944,24.968,24.895,24.968,24.992
1/4/16 14:30,24.944,24.919,24.871,24.919,24.919,24.895,24.895,24.871,24.919,24.895,24.919,24.968,24.919,24.944,24.919,24.919,24.944,24.871,24.944,24.968
1/4/16 14:45,24.944,24.895,24.847,24.895,24.895,24.895,24.871,24.847,24.895,24.871,24.895,24.944,24.895,24.919,24.895,24.895,24.919,24.847,24.919,24.944
1/4/16 15:00,24.895,24.847,24.823,24.871,24.871,24.847,24.847,24.823,24.871,24.847,24.871,24.895,24.871,24.895,24.871,24.871,24.895,24.823,24.895,24.919
1/4/16 15:15,24.871,24.823,24.774,24.823,24.823,24.823,24.823,24.774,24.823,24.823,24.823,24.871,24.847,24.847,24.847,24.847,24.871,24.774,24.847,24.871
1/4/16 15:30,24.823,24.798,24.75,24.798,24.798,24.774,24.774,24.75,24.798,24.774,24.798,24.823,24.798,24.823,24.798,24.798,24.823,24.75,24.823,24.847
1/4/16 15:45,24.798,24.75,24.702,24.75,24.75,24.75,24.75,24.702,24.75,24.75,24.75,24.798,24.774,24.774,24.774,24.774,24.798,24.702,24.774,24.798
1/4/16 16:00,24.75,24.702,24.653,24.702,24.702,24.702,24.702,24.653,24.702,24.702,24.702,24.75,24.726,24.726,24.726,24.702,24.75,24.653,24.726,24.75
1/4/16 16:15,24.677,24.629,24.605,24.653,24.653,24.629,24.629,24.605,24.629,24.629,24.653,24.702,24.653,24.677,24.653,24.653,24.677,24.605,24.677,24.677
1/4/16 16:30,24.629,24.581,24.532,24.581,24.605,24.581,24.581,24.532,24.581,24.581,24.605,24.629,24.605,24.605,24.605,24.605,24.629,24.532,24.605,24.629
1/4/16 16:45,24.557,24.508,24.484,24.532,24.532,24.508,24.508,24.46,24.508,24.508,24.532,24.557,24.532,24.557,24.532,24.532,24.557,24.484,24.557,24.557
1/4/16 17:00,24.508,24.46,24.412,24.46,24.46,24.46,24.46,24.412,24.46,24.46,24.46,24.508,24.484,24.484,24.484,24.484,24.508,24.412,24.484,24.508
1/4/16 17:15,24.436,24.412,24.363,24.412,24.412,24.388,24.388,24.363,24.412,24.388,24.412,24.436,24.412,24.436,24.412,24.412,24.436,24.363,24.436,24.46
1/4/16 17:30,24.388,24.339,24.291,24.339,24.363,24.339,24.339,24.291,24.339,24.339,24.363,24.388,24.363,24.363,24.363,24.363,24.388,24.291,24.363,24.388
1/4/16 17:45,24.339,24.291,24.243,24.291,24.291,24.291,24.291,24.243,24.291,24.267,24.291,24.339,24.315,24.315,24.315,24.315,24.339,24.243,24.315,24.339
1/4/16 18:00,24.267,24.243,24.195,24.243,24.243,24.243,24.243,24.195,24.243,24.219,24.243,24.291,24.267,24.267,24.243,24.243,24.267,24.195,24.267,24.291
1/4/16 18:15,24.219,24.195,24.146,24.195,24.195,24.195,24.195,24.146,24.195,24.171,24.195,24.243,24.219,24.219,24.219,24.219,24.243,24.146,24.219,24.243
1/4/16 18:30,24.195,24.146,24.098,24.146,24.146,24.146,24.146,24.098,24.146,24.146,24.146,24.195,24.171,24.171,24.171,24.171,24.195,24.098,24.171,24.195
1/4/16 18:45,24.146,24.098,24.05,24.098,24.098,24.098,24.098,24.05,24.098,24.098,24.122,24.146,24.122,24.122,24.122,24.122,24.146,24.05,24.122,24.146
1/4/16 19:00,24.098,24.074,24.026,24.074,24.074,24.05,24.05,24.026,24.074,24.05,24.074,24.122,24.074,24.098,24.074,24.074,24.098,24.026,24.098,24.122
1/4/16 19:15,24.074,24.026,24.002,24.05,24.05,24.026,24.026,23.978,24.026,24.026,24.05,24.074,24.05,24.05,24.05,24.05,24.074,23.978,24.074,24.074
1/4/16 19:30,24.05,24.002,23.978,24.026,24.026,24.002,24.002,23.954,24.002,24.002,24.026,24.05,24.026,24.026,24.026,24.026,24.05,23.954,24.026,24.05
1/4/16 19:45,24.026,23.978,23.954,23.978,23.978,23.978,23.978,23.93,23.978,23.978,24.002,24.026,24.002,24.002,24.002,24.002,24.026,23.93,24.026,24.026
1/4/16 20:00,24.002,23.954,23.93,23.978,23.978,23.954,23.954,23.905,23.954,23.954,23.978,24.002,23.978,23.978,23.978,23.978,24.002,23.93,24.002,24.002
1/4/16 20:15,23.978,23.93,23.905,23.954,23.954,23.93,23.93,23.881,23.954,23.93,23.954,23.978,23.954,23.978,23.954,23.954,23.978,23.905,23.978,24.002
1/4/16 20:30,23.954,23.93,23.881,23.93,23.93,23.905,23.905,23.881,23.93,23.905,23.93,23.978,23.93,23.954,23.93,23.93,23.954,23.881,23.954,23.978
1/4/16 20:45,23.954,23.905,23.857,23.905,23.905,23.905,23.905,23.857,23.905,23.905,23.93,23.954,23.93,23.93,23.93,23.93,23.954,23.857,23.93,23.954
1/4/16 21:00,23.93,23.905,23.857,23.905,23.905,23.881,23.881,23.857,23.905,23.881,23.905,23.954,23.905,23.93,23.905,23.905,23.93,23.857,23.93,23.954
1/4/16 21:15,23.93,23.881,23.833,23.881,23.881,23.881,23.881,23.833,23.881,23.881,23.881,23.93,23.905,23.905,23.905,23.905,23.93,23.833,23.905,23.93
1/4/16 21:30,23.905,23.881,23.833,23.881,23.881,23.857,23.857,23.809,23.857,23.857,23.881,23.905,23.881,23.881,23.881,23.881,23.905,23.833,23.905,23.93
1/4/16 21:45,23.905,23.857,23.809,23.857,23.857,23.857,23.857,23.809,23.857,23.857,23.881,23.905,23.881,23.881,23.881,23.881,23.905,23.809,23.881,23.905
1/4/16 22:00,23.881,23.857,23.809,23.857,23.857,23.833,23.833,23.809,23.857,23.833,23.857,23.881,23.857,23.881,23.857,23.857,23.881,23.809,23.881,23.905
1/4/16 22:15,23.881,23.833,23.809,23.857,23.857,23.833,23.833,23.785,23.833,23.833,23.857,23.881,23.857,23.857,23.857,23.857,23.881,23.785,23.881,23.881
1/4/16 22:30,23.881,23.833,23.785,23.833,23.857,23.833,23.833,23.785,23.833,23.833,23.857,23.881,23.857,23.857,23.857,23.857,23.881,23.785,23.857,23.881
1/4/16 22:45,23.881,23.833,23.785,23.833,23.833,23.833,23.833,23.785,23.833,23.833,23.833,23.881,23.857,23.857,23.857,23.857,23.881,23.785,23.857,23.881
1/4/16 23:00,23.881,23.833,23.785,23.833,23.833,23.833,23.833,23.785,23.833,23.833,23.833,23.881,23.857,23.857,23.833,23.833,23.881,23.785,23.857,23.881
1/4/16 23:15,23.857,23.809,23.785,23.833,23.833,23.809,23.809,23.761,23.809,23.809,23.833,23.857,23.833,23.833,23.833,23.833,23.857,23.761,23.833,23.857
1/4/16 23:30,23.857,23.809,23.761,23.809,23.809,23.785,23.809,23.761,23.809,23.809,23.809,23.857,23.833,23.833,23.833,23.833,23.833,23.761,23.833,23.857
1/4/16 23:45,23.833,23.809,23.761,23.809,23.809,23.785,23.785,23.737,23.809,23.785,23.809,23.833,23.809,23.833,23.809,23.809,23.833,23.761,23.833,23.857
1/5/16 0:00,23.833,23.785,23.761,23.809,23.809,23.785,23.785,23.737,23.785,23.785,23.809,23.833,23.809,23.833,23.809,23.809,23.833,23.761,23.833,23.833
1/5/16 0:15,23.833,23.809,23.761,23.809,23.809,23.785,23.785,23.761,23.809,23.785,23.809,23.857,23.809,23.833,23.809,23.809,23.833,23.761,23.833,23.857
1/5/16 0:30,23.833,23.809,23.761,23.809,23.809,23.809,23.809,23.761,23.809,23.785,23.809,23.857,23.833,23.833,23.833,23.833,23.833,23.761,23.833,23.857
1/5/16 0:45,23.857,23.809,23.761,23.809,23.809,23.809,23.809,23.761,23.809,23.809,23.809,23.857,23.833,23.833,23.833,23.833,23.857,23.761,23.833,23.857
1/5/16 1:00,23.857,23.809,23.761,23.809,23.809,23.809,23.809,23.761,23.809,23.809,23.833,23.857,23.833,23.833,23.833,23.833,23.857,23.761,23.833,23.857
1/5/16 1:15,23.857,23.809,23.761,23.809,23.809,23.809,23.809,23.761,23.809,23.809,23.833,23.857,23.833,23.833,23.833,23.833,23.857,23.761,23.833,23.857
1/5/16 1:30,23.857,23.809,23.761,23.809,23.809,23.809,23.809,23.761,23.809,23.809,23.809,23.857,23.833,23.833,23.833,23.833,23.857,23.761,23.833,23.857
1/5/16 1:45,23.833,23.809,23.761,23.809,23.809,23.785,23.809,23.761,23.809,23.785,23.809,23.857,23.833,23.833,23.833,23.833,23.857,23.761,23.833,23.857
1/5/16 2:00,23.833,23.809,23.761,23.809,23.809,23.785,23.785,23.737,23.809,23.785,23.809,23.833,23.809,23.833,23.809,23.809,23.833,23.761,23.833,23.857
1/5/16 2:15,23.833,23.785,23.761,23.809,23.809,23.785,23.785,23.737,23.785,23.785,23.809,23.833,23.809,23.809,23.809,23.809,23.833,23.737,23.833,23.833
1/5/16 2:30,23.833,23.785,23.761,23.785,23.785,23.785,23.785,23.737,23.785,23.785,23.809,23.833,23.809,23.809,23.809,23.809,23.833,23.737,23.833,23.833
1/5/16 2:45,23.833,23.785,23.761,23.809,23.809,23.785,23.785,23.737,23.785,23.785,23.809,23.833,23.809,23.833,23.809,23.809,23.833,23.761,23.833,23.833
1/5/16 3:00,23.833,23.785,23.761,23.785,23.809,23.785,23.785,23.737,23.785,23.785,23.809,23.833,23.809,23.833,23.809,23.809,23.833,23.737,23.833,23.833
1/5/16 3:15,23.833,23.785,23.761,23.785,23.785,23.785,23.785,23.737,23.785,23.785,23.809,23.833,23.809,23.809,23.809,23.809,23.833,23.737,23.833,23.833
1/5/16 3:30,23.833,23.785,23.737,23.785,23.785,23.761,23.761,23.737,23.785,23.761,23.785,23.833,23.785,23.809,23.785,23.785,23.833,23.737,23.809,23.833
1/5/16 3:45,23.785,23.737,23.689,23.737,23.737,23.737,23.737,23.689,23.737,23.737,23.761,23.785,23.761,23.761,23.761,23.761,23.785,23.689,23.761,23.785
1/5/16 4:00,23.761,23.713,23.665,23.713,23.737,23.713,23.713,23.665,23.713,23.713,23.737,23.761,23.737,23.737,23.737,23.737,23.761,23.665,23.761,23.761
1/5/16 4:15,23.761,23.713,23.689,23.737,23.737,23.713,23.713,23.665,23.737,23.713,23.737,23.761,23.737,23.737,23.737,23.737,23.761,23.689,23.761,23.761
1/5/16 4:30,23.785,23.737,23.689,23.737,23.737,23.737,23.737,23.689,23.737,23.737,23.737,23.785,23.761,23.761,23.761,23.761,23.785,23.689,23.761,23.785
1/5/16 4:45,23.785,23.761,23.713,23.761,23.761,23.737,23.737,23.689,23.761,23.737,23.761,23.785,23.761,23.785,23.761,23.761,23.785,23.713,23.785,23.785
1/5/16 5:00,23.809,23.761,23.713,23.761,23.785,23.761,23.761,23.713,23.761,23.761,23.785,23.809,23.785,23.785,23.785,23.785,23.809,23.713,23.785,23.809
1/5/16 5:15,23.833,23.785,23.737,23.785,23.785,23.785,23.785,23.737,23.785,23.785,23.785,23.833,23.809,23.809,23.809,23.809,23.833,23.737,23.809,23.833
1/5/16 5:30,23.833,23.785,23.737,23.785,23.785,23.785,23.785,23.737,23.785,23.785,23.785,23.833,23.809,23.809,23.785,23.785,23.833,23.737,23.809,23.833
1/5/16 5:45,23.809,23.761,23.713,23.761,23.761,23.761,23.761,23.713,23.761,23.761,23.785,23.809,23.785,23.785,23.785,23.785,23.809,23.713,23.785,23.809
1/5/16 6:00,23.785,23.737,23.689,23.737,23.737,23.737,23.737,23.689,23.737,23.713,23.737,23.785,23.737,23.761,23.737,23.737,23.785,23.689,23.761,23.785
1/5/16 6:15,23.737,23.689,23.641,23.689,23.689,23.689,23.689,23.641,23.689,23.689,23.713,23.737,23.713,23.713,23.713,23.713,23.737,23.641,23.713,23.737
1/5/16 6:30,23.689,23.665,23.617,23.665,23.665,23.641,23.641,23.617,23.665,23.641,23.665,23.713,23.665,23.689,23.665,23.665,23.689,23.617,23.689,23.689
1/5/16 6:45,23.689,23.641,23.593,23.641,23.641,23.641,23.641,23.593,23.641,23.641,23.641,23.689,23.641,23.665,23.641,23.641,23.689,23.593,23.665,23.689
1/5/16 7:00,23.689,23.641,23.617,23.641,23.641,23.641,23.641,23.593,23.641,23.641,23.665,23.689,23.665,23.665,23.665,23.665,23.689,23.593,23.665,23.689
1/5/16 7:15,23.713,23.665,23.617,23.665,23.665,23.641,23.641,23.617,23.665,23.641,23.665,23.713,23.689,23.689,23.665,23.665,23.689,23.617,23.689,23.713
1/5/16 7:30,23.713,23.665,23.641,23.665,23.689,23.665,23.665,23.617,23.665,23.665,23.689,23.713,23.689,23.689,23.689,23.689,23.713,23.617,23.713,23.713
1/5/16 7:45,23.737,23.689,23.641,23.689,23.689,23.665,23.689,23.641,23.689,23.689,23.689,23.737,23.689,23.713,23.689,23.689,23.737,23.641,23.713,23.737
1/5/16 8:00,23.737,23.713,23.665,23.713,23.713,23.689,23.689,23.665,23.713,23.689,23.713,23.761,23.713,23.737,23.713,23.713,23.737,23.665,23.737,23.761
1/5/16 8:15,23.761,23.737,23.689,23.737,23.737,23.713,23.713,23.689,23.737,23.713,23.737,23.785,23.737,23.761,23.737,23.737,23.761,23.689,23.761,23.785
1/5/16 8:30,23.809,23.761,23.713,23.761,23.761,23.761,23.761,23.713,23.761,23.761,23.761,23.809,23.785,23.785,23.785,23.761,23.809,23.713,23.785,23.809
1/5/16 8:45,23.833,23.785,23.761,23.809,23.809,23.785,23.785,23.737,23.785,23.785,23.809,23.857,23.809,23.833,23.809,23.809,23.833,23.737,23.833,23.833
1/5/16 9:00,23.881,23.833,23.785,23.833,23.833,23.833,23.833,23.785,23.833,23.833,23.833,23.881,23.857,23.857,23.857,23.857,23.881,23.785,23.857,23.881
1/5/16 9:15,23.93,23.881,23.833,23.881,23.905,23.881,23.881,23.833,23.881,23.881,23.905,23.93,23.905,23.905,23.905,23.905,23.93,23.833,23.93,23.93
1/5/16 9:30,24.026,24.002,23.954,24.002,24.002,23.978,24.002,23.954,24.002,23.978,24.002,24.05,24.002,24.026,24.002,24.002,24.026,23.954,24.026,24.026
1/5/16 9:45,24.122,24.098,24.05,24.098,24.122,24.098,24.098,24.05,24.098,24.074,24.098,24.146,24.122,24.122,24.122,24.098,24.146,24.05,24.122,24.122
1/5/16 10:00,24.243,24.195,24.146,24.195,24.219,24.195,24.219,24.195,24.195,24.195,24.219,24.243,24.219,24.219,24.219,24.219,24.243,24.146,24.243,24.243
1/5/16 10:15,24.339,24.291,24.243,24.291,24.291,24.291,24.339,24.291,24.291,24.267,24.315,24.339,24.315,24.315,24.315,24.291,24.315,24.243,24.339,24.315
1/5/16 10:30,24.436,24.388,24.339,24.388,24.388,24.388,24.436,24.363,24.388,24.363,24.412,24.46,24.412,24.412,24.412,24.388,24.436,24.339,24.436,24.436
1/5/16 10:45,24.508,24.46,24.412,24.46,24.46,24.46,24.484,24.436,24.46,24.436,24.484,24.532,24.484,24.484,24.46,24.46,24.484,24.412,24.508,24.484
1/5/16 11:00,24.508,24.46,24.412,24.46,24.484,24.484,24.484,24.436,24.46,24.46,24.484,24.532,24.484,24.484,24.484,24.484,24.508,24.412,24.508,24.508
1/5/16 11:15,24.557,24.508,24.46,24.508,24.508,24.605,24.532,24.46,24.508,24.484,24.532,24.677,24.557,24.532,24.508,24.508,24.532,24.46,24.557,24.532
1/5/16 11:30,24.605,24.557,24.508,24.557,24.557,24.605,24.557,24.508,24.557,24.532,24.557,24.677,24.605,24.581,24.581,24.557,24.605,24.508,24.581,24.605
1/5/16 11:45,24.677,24.629,24.581,24.653,24.629,24.75,24.629,24.581,24.629,24.629,24.653,24.823,24.702,24.653,24.653,24.629,24.677,24.581,24.677,24.677
1/5/16 12:00,24.75,24.702,24.653,24.726,24.702,24.774,24.702,24.653,24.702,24.702,24.726,24.871,24.75,24.726,24.726,24.702,24.75,24.653,24.75,24.75
1/5/16 12:15,24.823,24.774,24.726,24.774,24.774,24.823,24.774,24.726,24.774,24.75,24.774,24.944,24.823,24.798,24.798,24.774,24.798,24.726,24.798,24.798
1/5/16 12:30,24.871,24.847,24.798,24.847,24.847,24.847,24.847,24.798,24.847,24.823,24.847,24.919,24.847,24.871,24.847,24.847,24.871,24.798,24.871,24.871
1/5/16 12:45,24.895,24.871,24.823,24.871,24.871,24.871,24.871,24.823,24.871,24.847,24.871,24.919,24.871,24.895,24.871,24.871,24.895,24.823,24.895,24.919
1/5/16 13:00,24.919,24.895,24.847,24.895,24.895,24.871,24.895,24.847,24.895,24.871,24.895,24.944,24.895,24.919,24.895,24.895,24.919,24.847,24.919,24.944
1/5/16 13:15,24.944,24.895,24.847,24.895,24.895,24.895,24.895,24.847,24.895,24.895,24.895,24.944,24.895,24.919,24.895,24.895,24.944,24.847,24.919,24.944
1/5/16 13:30,24.919,24.871,24.823,24.871,24.895,24.871,24.871,24.823,24.871,24.871,24.895,24.919,24.895,24.895,24.895,24.895,24.919,24.823,24.895,24.919
1/5/16 13:45,24.919,24.895,24.847,24.895,24.895,24.871,24.871,24.847,24.895,24.871,24.895,24.944,24.895,24.919,24.895,24.895,24.919,24.847,24.919,24.919
1/5/16 14:00,24.944,24.919,24.871,24.919,24.919,24.919,24.919,24.871,24.919,24.895,24.919,24.968,24.944,24.944,24.944,24.919,24.944,24.871,24.944,24.968
1/5/16 14:15,24.992,24.944,24.895,24.944,24.944,24.944,24.944,24.895,24.944,24.944,24.944,24.992,24.968,24.968,24.968,24.944,24.992,24.895,24.968,24.992
1/5/16 14:30,25.016,24.968,24.919,24.968,24.968,24.968,24.944,24.919,24.968,24.944,24.968,25.016,24.992,24.992,24.992,24.992,24.992,24.919,24.992,25.016
1/5/16 14:45,25.016,24.968,24.919,24.968,24.968,24.944,24.944,24.919,24.968,24.944,24.968,25.016,24.992,24.992,24.992,24.992,24.992,24.919,24.992,25.016
1/5/16 15:00,25.016,24.968,24.919,24.968,24.968,24.968,24.968,24.919,24.968,24.944,24.992,25.016,24.992,24.992,24.992,24.992,24.992,24.919,24.992,25.016
1/5/16 15:15,24.992,24.944,24.895,24.944,24.944,24.944,24.944,24.895,24.944,24.944,24.944,24.992,24.968,24.992,24.968,24.968,24.992,24.895,24.992,24.992
1/5/16 15:30,24.968,24.919,24.871,24.919,24.944,24.919,24.919,24.871,24.919,24.919,24.944,24.968,24.944,24.944,24.944,24.944,24.968,24.871,24.944,24.968
1/5/16 15:45,24.919,24.895,24.847,24.895,24.895,24.871,24.871,24.847,24.895,24.871,24.895,24.944,24.895,24.919,24.895,24.895,24.919,24.847,24.919,24.944
1/5/16 16:00,24.871,24.823,24.798,24.847,24.847,24.823,24.823,24.798,24.823,24.823,24.847,24.871,24.847,24.847,24.847,24.847,24.871,24.798,24.871,24.871
1/5/16 16:15,24.823,24.798,24.75,24.798,24.798,24.774,24.798,24.75,24.798,24.774,24.798,24.847,24.798,24.823,24.798,24.798,24.823,24.75,24.823,24.847
1/5/16 16:30,24.798,24.75,24.702,24.75,24.774,24.75,24.75,24.702,24.75,24.75,24.774,24.798,24.774,24.774,24.774,24.774,24.798,24.702,24.798,24.798
1/5/16 16:45,24.75,24.702,24.677,24.726,24.726,24.702,24.702,24.677,24.726,24.702,24.726,24.75,24.726,24.75,24.726,24.726,24.75,24.677,24.75,24.75
1/5/16 17:00,24.702,24.677,24.629,24.677,24.677,24.653,24.677,24.629,24.677,24.653,24.677,24.726,24.677,24.702,24.677,24.702,24.702,24.629,24.702,24.726
1/5/16 17:15,24.677,24.629,24.581,24.629,24.653,24.629,24.629,24.581,24.629,24.629,24.653,24.677,24.653,24.653,24.653,24.653,24.677,24.605,24.653,24.677
1/5/16 17:30,24.629,24.581,24.557,24.605,24.605,24.581,24.581,24.557,24.605,24.581,24.605,24.629,24.605,24.629,24.605,24.605,24.629,24.557,24.629,24.653
1/5/16 17:45,24.581,24.532,24.508,24.557,24.557,24.532,24.532,24.508,24.557,24.532,24.557,24.605,24.557,24.581,24.557,24.557,24.581,24.508,24.581,24.605
1/5/16 18:00,24.532,24.508,24.46,24.508,24.508,24.484,24.508,24.46,24.508,24.508,24.508,24.557,24.508,24.532,24.508,24.532,24.532,24.46,24.532,24.557
1/5/16 18:15,24.508,24.46,24.412,24.46,24.46,24.46,24.46,24.412,24.46,24.46,24.46,24.508,24.484,24.484,24.484,24.484,24.508,24.412,24.484,24.508
1/5/16 18:30,24.46,24.412,24.363,24.412,24.412,24.412,24.412,24.363,24.412,24.412,24.412,24.46,24.436,24.436,24.436,24.436,24.46,24.363,24.436,24.46
1/5/16 18:45,24.412,24.363,24.339,24.388,24.388,24.363,24.363,24.339,24.363,24.363,24.388,24.412,24.388,24.412,24.388,24.388,24.412,24.339,24.412,24.436
1/5/16 19:00,24.388,24.339,24.291,24.339,24.339,24.339,24.339,24.291,24.339,24.339,24.339,24.388,24.363,24.363,24.363,24.363,24.388,24.291,24.363,24.388
1/5/16 19:15,24.339,24.291,24.267,24.315,24.315,24.291,24.291,24.243,24.315,24.291,24.315,24.339,24.315,24.315,24.315,24.315,24.339,24.267,24.339,24.363
1/5/16 19:30,24.315,24.267,24.219,24.267,24.267,24.243,24.243,24.219,24.267,24.243,24.267,24.315,24.267,24.291,24.267,24.267,24.315,24.219,24.291,24.315
1/5/16 19:45,24.267,24.219,24.171,24.219,24.219,24.219,24.219,24.171,24.219,24.219,24.243,24.267,24.243,24.243,24.243,24.243,24.267,24.171,24.243,24.267
1/5/16 20:00,24.219,24.195,24.146,24.195,24.195,24.171,24.171,24.146,24.195,24.171,24.195,24.219,24.195,24.219,24.195,24.219,24.219,24.146,24.219,24.243
1/5/16 20:15,24.195,24.146,24.122,24.171,24.171,24.146,24.146,24.098,24.146,24.146,24.171,24.195,24.171,24.171,24.171,24.171,24.195,24.122,24.195,24.219
1/5/16 20:30,24.171,24.122,24.074,24.122,24.122,24.122,24.122,24.074,24.122,24.122,24.122,24.171,24.146,24.146,24.146,24.146,24.171,24.074,24.146,24.171
1/5/16 20:45,24.122,24.098,24.05,24.098,24.098,24.074,24.098,24.05,24.098,24.074,24.098,24.146,24.098,24.122,24.098,24.098,24.122,24.05,24.122,24.146
1/5/16 21:00,24.098,24.074,24.026,24.074,24.074,24.05,24.05,24.026,24.074,24.05,24.074,24.122,24.074,24.098,24.074,24.074,24.098,24.026,24.098,24.122
1/5/16 21:15,24.074,24.026,24.002,24.05,24.05,24.026,24.026,24.002,24.05,24.026,24.05,24.074,24.05,24.074,24.05,24.05,24.074,24.002,24.074,24.098
1/5/16 21:30,24.05,24.026,23.978,24.026,24.026,24.002,24.002,23.954,24.026,24.002,24.026,24.05,24.026,24.05,24.026,24.026,24.05,23.978,24.05,24.074
1/5/16 21:45,24.026,23.978,23.954,24.002,24.002,23.978,23.978,23.93,24.002,23.978,24.002,24.026,24.002,24.026,24.002,24.002,24.026,23.954,24.026,24.026
1/5/16 22:00,24.002,23.954,23.905,23.954,23.954,23.954,23.954,23.905,23.954,23.954,23.978,24.002,23.978,23.978,23.978,23.978,24.002,23.905,23.978,24.002
1/5/16 22:15,23.978,23.93,23.881,23.93,23.93,23.93,23.93,23.881,23.93,23.93,23.93,23.978,23.954,23.954,23.93,23.93,23.978,23.881,23.954,23.978
1/5/16 22:30,23.93,23.905,23.857,23.905,23.905,23.881,23.905,23.857,23.905,23.881,23.905,23.954,23.93,23.93,23.93,23.93,23.954,23.857,23.93,23.954
1/5/16 22:45,23.93,23.881,23.833,23.881,23.881,23.881,23.881,23.833,23.881,23.881,23.881,23.93,23.905,23.905,23.905,23.881,23.93,23.833,23.905,23.93
1/5/16 23:00,23.905,23.857,23.833,23.857,23.857,23.857,23.857,23.809,23.857,23.857,23.881,23.905,23.881,23.881,23.881,23.881,23.905,23.809,23.881,23.905
1/5/16 23:15,23.881,23.833,23.809,23.833,23.857,23.833,23.833,23.785,23.833,23.833,23.857,23.881,23.857,23.857,23.857,23.857,23.881,23.785,23.857,23.881
1/5/16 23:30,23.857,23.833,23.785,23.833,23.833,23.809,23.809,23.761,23.833,23.809,23.833,23.857,23.833,23.833,23.833,23.833,23.857,23.785,23.857,23.857
1/5/16 23:45,23.857,23.809,23.761,23.809,23.809,23.809,23.809,23.761,23.809,23.809,23.833,23.857,23.833,23.833,23.833,23.833,23.857,23.761,23.833,23.857