Plot Title: Cold_L6_10779060,,,,,,
#,"Date Time, GMT-10:00","Temp, °C (LGR S/N: 10779060, SEN S/N: 10779060)",Coupler Detached (LGR S/N: 10779060),Coupler Attached (LGR S/N: 10779060),Host Connected (LGR S/N: 10779060),End Of File (LGR S/N: 10779060)
1,6/26/19 15:15,24.726,Logged,,,
2,6/26/19 15:30,24.677,,,,
3,6/26/19 15:45,24.653,,24.05075207,,
4,6/26/19 16:00,24.605,,,,
5,6/26/19 16:15,24.557,,,,
6,6/26/19 16:30,24.508,,,,
7,6/26/19 16:45,24.46,,,,
8,6/26/19 17:00,24.46,,,,
9,6/26/19 17:15,24.508,,,,
10,6/26/19 17:30,24.484,,,,
11,6/26/19 17:45,24.484,,,,
12,6/26/19 18:00,24.46,,,,
13,6/26/19 18:15,24.412,,,,
14,6/26/19 18:30,24.388,,,,
15,6/26/19 18:45,24.363,,,,
16,6/26/19 19:00,24.339,,,,
17,6/26/19 19:15,24.315,,,,
18,6/26/19 19:30,24.315,,,,
19,6/26/19 19:45,24.315,,,,
20,6/26/19 20:00,24.291,,,,
21,6/26/19 20:15,24.291,,,,
22,6/26/19 20:30,24.267,,,,
23,6/26/19 20:45,24.267,,,,
24,6/26/19 21:00,24.267,,,,
25,6/26/19 21:15,24.267,,,,
26,6/26/19 21:30,24.243,,,,
27,6/26/19 21:45,24.243,,,,
28,6/26/19 22:00,24.243,,,,
29,6/26/19 22:15,24.243,,,,
30,6/26/19 22:30,24.219,,,,
31,6/26/19 22:45,24.219,,,,
32,6/26/19 23:00,24.219,,,,
33,6/26/19 23:15,24.195,,,,
34,6/26/19 23:30,24.195,,,,
35,6/26/19 23:45,24.171,,,,
36,6/27/19 00:00,24.171,,,,
37,6/27/19 00:15,24.171,,,,
38,6/27/19 00:30,24.146,,,,
39,6/27/19 00:45,24.146,,,,
40,6/27/19 01:00,24.146,,,,
41,6/27/19 01:15,24.122,,,,
42,6/27/19 01:30,24.122,,,,
43,6/27/19 01:45,24.122,,,,
44,6/27/19 02:00,24.122,,,,
45,6/27/19 02:15,24.122,,,,
46,6/27/19 02:30,24.098,,,,
47,6/27/19 02:45,24.098,,,,
48,6/27/19 03:00,24.098,,,,
49,6/27/19 03:15,24.098,,,,
50,6/27/19 03:30,24.098,,,,
51,6/27/19 03:45,24.074,,,,
52,6/27/19 04:00,24.074,,,,
53,6/27/19 04:15,24.05,,,,
54,6/27/19 04:30,24.05,,,,
55,6/27/19 04:45,24.026,,,,
56,6/27/19 05:00,24.026,,,,
57,6/27/19 05:15,24.026,,,,
58,6/27/19 05:30,24.026,,,,
59,6/27/19 05:45,24.05,,,,
60,6/27/19 06:00,24.05,,,,
61,6/27/19 06:15,24.074,,,,
62,6/27/19 06:30,24.074,,,,
63,6/27/19 06:45,24.098,,,,
64,6/27/19 07:00,24.122,,,,
65,6/27/19 07:15,24.122,,,,
66,6/27/19 07:30,24.122,,,,
67,6/27/19 07:45,24.146,,,,
68,6/27/19 08:00,24.146,,,,
69,6/27/19 08:15,24.146,,,,
70,6/27/19 08:30,24.171,,,,
71,6/27/19 08:45,24.195,,,,
72,6/27/19 09:00,24.195,,,,
73,6/27/19 09:15,24.219,,,,
74,6/27/19 09:30,24.219,,,,
75,6/27/19 09:45,24.219,,,,
76,6/27/19 10:00,24.219,,,,
77,6/27/19 10:15,24.219,,,,
78,6/27/19 10:30,24.219,,,,
79,6/27/19 10:45,24.243,,,,
80,6/27/19 11:00,24.243,,,,
81,6/27/19 11:15,24.267,,,,
82,6/27/19 11:30,24.291,,,,
83,6/27/19 11:45,24.291,,,,
84,6/27/19 12:00,24.315,,,,
85,6/27/19 12:15,24.339,,,,
86,6/27/19 12:30,24.339,,,,
87,6/27/19 12:45,24.363,,,,
88,6/27/19 13:00,24.339,,,,
89,6/27/19 13:15,24.363,,,,
90,6/27/19 13:30,24.363,,,,
91,6/27/19 13:45,24.363,,,,
92,6/27/19 14:00,24.363,,,,
93,6/27/19 14:15,24.363,,,,
94,6/27/19 14:30,24.412,,,,
95,6/27/19 14:45,24.436,,,,
96,6/27/19 15:00,24.46,,,,
97,6/27/19 15:15,24.484,,,,
98,6/27/19 15:30,24.532,,,,
99,6/27/19 15:45,24.581,,,,
100,6/27/19 16:00,24.629,,,,
101,6/27/19 16:15,24.653,,,,
102,6/27/19 16:30,24.653,,,,
103,6/27/19 16:45,24.702,,,,
104,6/27/19 17:00,24.75,,,,
105,6/27/19 17:15,24.75,,,,
106,6/27/19 17:30,24.75,,,,
107,6/27/19 17:45,24.726,,,,
108,6/27/19 18:00,24.75,,,,
109,6/27/19 18:15,24.726,,,,
110,6/27/19 18:30,24.726,,,,
111,6/27/19 18:45,24.702,,,,
112,6/27/19 19:00,24.702,,,,
113,6/27/19 19:15,24.702,,,,
114,6/27/19 19:30,24.702,,,,
115,6/27/19 19:45,24.702,,,,
116,6/27/19 20:00,24.702,,,,
117,6/27/19 20:15,24.726,,,,
118,6/27/19 20:30,24.75,,,,
119,6/27/19 20:45,24.726,,,,
120,6/27/19 21:00,24.726,,,,
121,6/27/19 21:15,24.726,,,,
122,6/27/19 21:30,24.726,,,,
123,6/27/19 21:45,24.702,,,,
124,6/27/19 22:00,24.677,,,,
125,6/27/19 22:15,24.677,,,,
126,6/27/19 22:30,24.677,,,,
127,6/27/19 22:45,24.653,,,,
128,6/27/19 23:00,24.629,,,,
129,6/27/19 23:15,24.629,,,,
130,6/27/19 23:30,24.605,,,,
131,6/27/19 23:45,24.581,,,,
132,6/28/19 00:00,24.557,,,,
133,6/28/19 00:15,24.557,,,,
134,6/28/19 00:30,24.557,,,,
135,6/28/19 00:45,24.532,,,,
136,6/28/19 01:00,24.557,,,,
137,6/28/19 01:15,24.557,,,,
138,6/28/19 01:30,24.581,,,,
139,6/28/19 01:45,24.605,,,,
140,6/28/19 02:00,24.629,,,,
141,6/28/19 02:15,24.605,,,,
142,6/28/19 02:30,24.629,,,,
143,6/28/19 02:45,24.629,,,,
144,6/28/19 03:00,24.629,,,,
145,6/28/19 03:15,24.629,,,,
146,6/28/19 03:30,24.629,,,,
147,6/28/19 03:45,24.629,,,,
148,6/28/19 04:00,24.629,,,,
149,6/28/19 04:15,24.629,,,,
150,6/28/19 04:30,24.605,,,,
151,6/28/19 04:45,24.629,,,,
152,6/28/19 05:00,24.629,,,,
153,6/28/19 05:15,24.629,,,,
154,6/28/19 05:30,24.629,,,,
155,6/28/19 05:45,24.605,,,,
156,6/28/19 06:00,24.581,,,,
157,6/28/19 06:15,24.581,,,,
158,6/28/19 06:30,24.581,,,,
159,6/28/19 06:45,24.581,,,,
160,6/28/19 07:00,24.557,,,,
161,6/28/19 07:15,24.581,,,,
162,6/28/19 07:30,24.557,,,,
163,6/28/19 07:45,24.581,,,,
164,6/28/19 08:00,24.557,,,,
165,6/28/19 08:15,24.557,,,,
166,6/28/19 08:30,24.605,,,,
167,6/28/19 08:45,24.605,,,,
168,6/28/19 09:00,24.653,,,,
169,6/28/19 09:15,24.653,,,,
170,6/28/19 09:30,24.702,,,,
171,6/28/19 09:45,24.726,,,,
172,6/28/19 10:00,24.702,,,,
173,6/28/19 10:15,24.46,,,,
174,6/28/19 10:30,24.629,,,,
175,6/28/19 10:45,24.823,,,,
176,6/28/19 11:00,24.919,,,,
177,6/28/19 11:15,24.992,,,,
178,6/28/19 11:30,25.016,,,,
179,6/28/19 11:45,25.283,,,,
180,6/28/19 12:00,25.258,,,,
181,6/28/19 12:15,25.089,,,,
182,6/28/19 12:30,24.436,,,,
183,6/28/19 12:45,24.629,,,,
184,6/28/19 13:00,25.307,,,,
185,6/28/19 13:15,25.355,,,,
186,6/28/19 13:30,25.623,,,,
187,6/28/19 13:45,25.744,,,,
188,6/28/19 14:00,25.647,,,,
189,6/28/19 14:15,25.453,,,,
190,6/28/19 14:30,25.113,,,,
191,6/28/19 14:45,25.016,,,,
192,6/28/19 15:00,24.919,,,,
193,6/28/19 15:15,24.677,,,,
194,6/28/19 15:30,24.581,,,,
195,6/28/19 15:45,24.508,,,,
196,6/28/19 16:00,24.412,,,,
197,6/28/19 16:15,24.388,,,,
198,6/28/19 16:30,24.267,,,,
199,6/28/19 16:45,24.098,,,,
200,6/28/19 17:00,23.881,,,,
201,6/28/19 17:15,23.833,,,,
202,6/28/19 17:30,23.497,,,,
203,6/28/19 17:45,23.521,,,,
204,6/28/19 18:00,23.424,,,,
205,6/28/19 18:15,23.256,,,,
206,6/28/19 18:30,23.304,,,,
207,6/28/19 18:45,23.208,,,,
208,6/28/19 19:00,23.352,,,,
209,6/28/19 19:15,23.16,,,,
210,6/28/19 19:30,23.16,,,,
211,6/28/19 19:45,22.896,,,,
212,6/28/19 20:00,23.04,,,,
213,6/28/19 20:15,22.944,,,,
214,6/28/19 20:30,22.968,,,,
215,6/28/19 20:45,22.8,,,,
216,6/28/19 21:00,22.848,,,,
217,6/28/19 21:15,22.753,,,,
218,6/28/19 21:30,22.776,,,,
219,6/28/19 21:45,22.753,,,,
220,6/28/19 22:00,22.872,,,,
221,6/28/19 22:15,22.824,,,,
222,6/28/19 22:30,22.776,,,,
223,6/28/19 22:45,22.753,,,,
224,6/28/19 23:00,22.729,,,,
225,6/28/19 23:15,22.681,,,,
226,6/28/19 23:30,22.681,,,,
227,6/28/19 23:45,22.705,,,,
228,6/29/19 00:00,22.633,,,,
229,6/29/19 00:15,22.633,,,,
230,6/29/19 00:30,22.633,,,,
231,6/29/19 00:45,22.633,,,,
232,6/29/19 01:00,22.609,,,,
233,6/29/19 01:15,22.657,,,,
234,6/29/19 01:30,22.633,,,,
235,6/29/19 01:45,22.705,,,,
236,6/29/19 02:00,22.681,,,,
237,6/29/19 02:15,22.585,,,,
238,6/29/19 02:30,22.633,,,,
239,6/29/19 02:45,22.609,,,,
240,6/29/19 03:00,22.537,,,,
241,6/29/19 03:15,22.609,,,,
242,6/29/19 03:30,22.585,,,,
243,6/29/19 03:45,22.609,,,,
244,6/29/19 04:00,22.609,,,,
245,6/29/19 04:15,22.633,,,,
246,6/29/19 04:30,22.561,,,,
247,6/29/19 04:45,22.633,,,,
248,6/29/19 05:00,22.585,,,,
249,6/29/19 05:15,22.585,,,,
250,6/29/19 05:30,22.657,,,,
251,6/29/19 05:45,22.585,,,,
252,6/29/19 06:00,22.561,,,,
253,6/29/19 06:15,22.657,,,,
254,6/29/19 06:30,22.561,,,,
255,6/29/19 06:45,22.537,,,,
256,6/29/19 07:00,22.657,,,,
257,6/29/19 07:15,22.561,,,,
258,6/29/19 07:30,22.681,,,,
259,6/29/19 07:45,22.657,,,,
260,6/29/19 08:00,22.681,,,,
261,6/29/19 08:15,22.657,,,,
262,6/29/19 08:30,22.848,,,,
263,6/29/19 08:45,22.848,,,,
264,6/29/19 09:00,23.28,,,,
265,6/29/19 09:15,23.232,,,,
266,6/29/19 09:30,23.376,,,,
267,6/29/19 09:45,23.424,,,,
268,6/29/19 10:00,23.376,,,,
269,6/29/19 10:15,23.424,,,,
270,6/29/19 10:30,23.28,,,,
271,6/29/19 10:45,23.4,,,,
272,6/29/19 11:00,23.424,,,,
273,6/29/19 11:15,23.448,,,,
274,6/29/19 11:30,23.521,,,,
275,6/29/19 11:45,23.569,,,,
276,6/29/19 12:00,23.617,,,,
277,6/29/19 12:15,23.737,,,,
278,6/29/19 12:30,23.881,,,,
279,6/29/19 12:45,24.026,,,,
280,6/29/19 13:00,24.146,,,,
281,6/29/19 13:15,24.219,,,,
282,6/29/19 13:30,24.315,,,,
283,6/29/19 13:45,24.412,,,,
284,6/29/19 14:00,24.532,,,,
285,6/29/19 14:15,24.653,,,,
286,6/29/19 14:30,24.702,,,,
287,6/29/19 14:45,24.677,,,,
288,6/29/19 15:00,24.557,,,,
289,6/29/19 15:15,24.388,,,,
290,6/29/19 15:30,24.291,,,,
291,6/29/19 15:45,24.195,,,,
292,6/29/19 16:00,24.122,,,,
293,6/29/19 16:15,23.905,,,,
294,6/29/19 16:30,23.761,,,,
295,6/29/19 16:45,23.665,,,,
296,6/29/19 17:00,23.545,,,,
297,6/29/19 17:15,23.352,,,,
298,6/29/19 17:30,23.352,,,,
299,6/29/19 17:45,23.136,,,,
300,6/29/19 18:00,23.376,,,,
301,6/29/19 18:15,23.256,,,,
302,6/29/19 18:30,23.088,,,,
303,6/29/19 18:45,23.16,,,,
304,6/29/19 19:00,23.112,,,,
305,6/29/19 19:15,23.016,,,,
306,6/29/19 19:30,22.8,,,,
307,6/29/19 19:45,22.92,,,,
308,6/29/19 20:00,22.872,,,,
309,6/29/19 20:15,22.824,,,,
310,6/29/19 20:30,22.776,,,,
311,6/29/19 20:45,22.657,,,,
312,6/29/19 21:00,22.585,,,,
313,6/29/19 21:15,22.489,,,,
314,6/29/19 21:30,22.561,,,,
315,6/29/19 21:45,22.537,,,,
316,6/29/19 22:00,22.609,,,,
317,6/29/19 22:15,22.561,,,,
318,6/29/19 22:30,22.561,,,,
319,6/29/19 22:45,22.537,,,,
320,6/29/19 23:00,22.561,,,,
321,6/29/19 23:15,22.441,,,,
322,6/29/19 23:30,22.465,,,,
323,6/29/19 23:45,22.465,,,,
324,6/30/19 00:00,22.513,,,,
325,6/30/19 00:15,22.441,,,,
326,6/30/19 00:30,22.441,,,,
327,6/30/19 00:45,22.393,,,,
328,6/30/19 01:00,22.369,,,,
329,6/30/19 01:15,22.417,,,,
330,6/30/19 01:30,22.393,,,,
331,6/30/19 01:45,22.345,,,,
332,6/30/19 02:00,22.393,,,,
333,6/30/19 02:15,22.393,,,,
334,6/30/19 02:30,22.298,,,,
335,6/30/19 02:45,22.298,,,,
336,6/30/19 03:00,22.321,,,,
337,6/30/19 03:15,22.393,,,,
338,6/30/19 03:30,22.369,,,,
339,6/30/19 03:45,22.298,,,,
340,6/30/19 04:00,22.321,,,,
341,6/30/19 04:15,22.345,,,,
342,6/30/19 04:30,22.298,,,,
343,6/30/19 04:45,22.321,,,,
344,6/30/19 05:00,22.321,,,,
345,6/30/19 05:15,22.274,,,,
346,6/30/19 05:30,22.321,,,,
347,6/30/19 05:45,22.321,,,,
348,6/30/19 06:00,22.25,,,,
349,6/30/19 06:15,22.321,,,,
350,6/30/19 06:30,22.393,,,,
351,6/30/19 06:45,22.369,,,,
352,6/30/19 07:00,22.321,,,,
353,6/30/19 07:15,22.417,,,,
354,6/30/19 07:30,22.441,,,,
355,6/30/19 07:45,22.441,,,,
356,6/30/19 08:00,22.465,,,,
357,6/30/19 08:15,22.585,,,,
358,6/30/19 08:30,22.705,,,,
359,6/30/19 08:45,22.8,,,,
360,6/30/19 09:00,22.968,,,,
361,6/30/19 09:15,23.088,,,,
362,6/30/19 09:30,23.064,,,,
363,6/30/19 09:45,23.112,,,,
364,6/30/19 10:00,23.521,,,,
365,6/30/19 10:15,23.328,,,,
366,6/30/19 10:30,23.376,,,,
367,6/30/19 10:45,23.328,,,,
368,6/30/19 11:00,23.424,,,,
369,6/30/19 11:15,23.545,,,,
370,6/30/19 11:30,23.593,,,,
371,6/30/19 11:45,23.713,,,,
372,6/30/19 12:00,23.809,,,,
373,6/30/19 12:15,23.954,,,,
374,6/30/19 12:30,24.171,,,,
375,6/30/19 12:45,24.412,,,,
376,6/30/19 13:00,24.702,,,,
377,6/30/19 13:15,24.919,,,,
378,6/30/19 13:30,25.113,,,,
379,6/30/19 13:45,25.331,,,,
380,6/30/19 14:00,25.501,,,,
381,6/30/19 14:15,25.72,,,,
382,6/30/19 14:30,25.793,,,,
383,6/30/19 14:45,25.963,,,,
384,6/30/19 15:00,26.036,,,,
385,6/30/19 15:15,26.012,,,,
386,6/30/19 15:30,26.207,,,,
387,6/30/19 15:45,26.158,,,,
388,6/30/19 16:00,26.061,,,,
389,6/30/19 16:15,25.987,,,,
390,6/30/19 16:30,25.841,,,,
391,6/30/19 16:45,25.598,,,,
392,6/30/19 17:00,25.307,,,,
393,6/30/19 17:15,25.113,,,,
394,6/30/19 17:30,25.065,,,,
395,6/30/19 17:45,25.113,,,,
396,6/30/19 18:00,24.992,,,,
397,6/30/19 18:15,25.016,,,,
398,6/30/19 18:30,24.992,,,,
399,6/30/19 18:45,24.871,,,,
400,6/30/19 19:00,24.436,,,,
401,6/30/19 19:15,23.954,,,,
402,6/30/19 19:30,24.195,,,,
403,6/30/19 19:45,24.291,,,,
404,6/30/19 20:00,24.388,,,,
405,6/30/19 20:15,24.363,,,,
406,6/30/19 20:30,24.195,,,,
407,6/30/19 20:45,24.098,,,,
408,6/30/19 21:00,23.881,,,,
409,6/30/19 21:15,23.833,,,,
410,6/30/19 21:30,23.857,,,,
411,6/30/19 21:45,23.833,,,,
412,6/30/19 22:00,23.833,,,,
413,6/30/19 22:15,23.641,,,,
414,6/30/19 22:30,23.617,,,,
415,6/30/19 22:45,23.088,,,,
416,6/30/19 23:00,22.824,,,,
417,6/30/19 23:15,22.776,,,,
418,6/30/19 23:30,23.112,,,,
419,6/30/19 23:45,22.944,,,,
420,7/1/19 00:00,22.872,,,,
421,7/1/19 00:15,22.968,,,,
422,7/1/19 00:30,23.04,,,,
423,7/1/19 00:45,23.112,,,,
424,7/1/19 01:00,22.992,,,,
425,7/1/19 01:15,23.04,,,,
426,7/1/19 01:30,22.992,,,,
427,7/1/19 01:45,22.872,,,,
428,7/1/19 02:00,22.848,,,,
429,7/1/19 02:15,22.776,,,,
430,7/1/19 02:30,22.729,,,,
431,7/1/19 02:45,22.681,,,,
432,7/1/19 03:00,22.633,,,,
433,7/1/19 03:15,22.585,,,,
434,7/1/19 03:30,22.537,,,,
435,7/1/19 03:45,22.537,,,,
436,7/1/19 04:00,22.537,,,,
437,7/1/19 04:15,22.585,,,,
438,7/1/19 04:30,22.681,,,,
439,7/1/19 04:45,22.705,,,,
440,7/1/19 05:00,22.585,,,,
441,7/1/19 05:15,22.513,,,,
442,7/1/19 05:30,22.513,,,,
443,7/1/19 05:45,22.465,,,,
444,7/1/19 06:00,22.393,,,,
445,7/1/19 06:15,22.393,,,,
446,7/1/19 06:30,22.393,,,,
447,7/1/19 06:45,22.393,,,,
448,7/1/19 07:00,22.441,,,,
449,7/1/19 07:15,22.513,,,,
450,7/1/19 07:30,22.537,,,,
451,7/1/19 07:45,22.633,,,,
452,7/1/19 08:00,22.609,,,,
453,7/1/19 08:15,22.633,,,,
454,7/1/19 08:30,22.537,,,,
455,7/1/19 08:45,22.776,,,,
456,7/1/19 09:00,22.8,,,,
457,7/1/19 09:15,22.92,,,,
458,7/1/19 09:30,23.064,,,,
459,7/1/19 09:45,22.992,,,,
460,7/1/19 10:00,23.016,,,,
461,7/1/19 10:15,23.208,,,,
462,7/1/19 10:30,23.112,,,,
463,7/1/19 10:45,23.208,,,,
464,7/1/19 11:00,23.641,,,,
465,7/1/19 11:15,23.881,,,,
466,7/1/19 11:30,24.074,,,,
467,7/1/19 11:45,24.436,,,,
468,7/1/19 12:00,24.702,,,,
469,7/1/19 12:15,24.871,,,,
470,7/1/19 12:30,25.04,,,,
471,7/1/19 12:45,25.331,,,,
472,7/1/19 13:00,25.574,,,,
473,7/1/19 13:15,25.841,,,,
474,7/1/19 13:30,26.012,,,,
475,7/1/19 13:45,26.28,,,,
476,7/1/19 14:00,26.402,,,,
477,7/1/19 14:15,26.867,,,,
478,7/1/19 14:30,26.916,,,,
479,7/1/19 14:45,26.793,,,,
480,7/1/19 15:00,26.524,,,,
481,7/1/19 15:15,26.426,,,,
482,7/1/19 15:30,26.451,,,,
483,7/1/19 15:45,25.939,,,,
484,7/1/19 16:00,25.623,,,,
485,7/1/19 16:15,25.38,,,,
486,7/1/19 16:30,25.137,,,,
487,7/1/19 16:45,24.919,,,,
488,7/1/19 17:00,24.726,,,,
489,7/1/19 17:15,24.557,,,,
490,7/1/19 17:30,24.436,,,,
491,7/1/19 17:45,24.339,,,,
492,7/1/19 18:00,24.291,,,,
493,7/1/19 18:15,24.219,,,,
494,7/1/19 18:30,24.122,,,,
495,7/1/19 18:45,24.098,,,,
496,7/1/19 19:00,23.93,,,,
497,7/1/19 19:15,23.689,,,,
498,7/1/19 19:30,23.569,,,,
499,7/1/19 19:45,23.497,,,,
500,7/1/19 20:00,23.352,,,,
501,7/1/19 20:15,23.256,,,,
502,7/1/19 20:30,23.232,,,,
503,7/1/19 20:45,23.472,,,,
504,7/1/19 21:00,23.328,,,,
505,7/1/19 21:15,23.376,,,,
506,7/1/19 21:30,23.545,,,,
507,7/1/19 21:45,23.448,,,,
508,7/1/19 22:00,23.304,,,,
509,7/1/19 22:15,23.184,,,,
510,7/1/19 22:30,23.256,,,,
511,7/1/19 22:45,23.064,,,,
512,7/1/19 23:00,23.424,,,,
513,7/1/19 23:15,23.809,,,,
514,7/1/19 23:30,23.881,,,,
515,7/1/19 23:45,23.93,,,,
516,7/2/19 00:00,23.978,,,,
517,7/2/19 00:15,24.026,,,,
518,7/2/19 00:30,24.026,,,,
519,7/2/19 00:45,24.074,,,,
520,7/2/19 01:00,24.122,,,,
521,7/2/19 01:15,24.122,,,,
522,7/2/19 01:30,24.146,,,,
523,7/2/19 01:45,24.146,,,,
524,7/2/19 02:00,24.146,,,,
525,7/2/19 02:15,24.195,,,,
526,7/2/19 02:30,24.195,,,,
527,7/2/19 02:45,24.195,,,,
528,7/2/19 03:00,24.219,,,,
529,7/2/19 03:15,24.219,,,,
530,7/2/19 03:30,24.219,,,,
531,7/2/19 03:45,24.219,,,,
532,7/2/19 04:00,24.219,,,,
533,7/2/19 04:15,24.243,,,,
534,7/2/19 04:30,24.219,,,,
535,7/2/19 04:45,24.219,,,,
536,7/2/19 05:00,24.219,,,,
537,7/2/19 05:15,24.219,,,,
538,7/2/19 05:30,24.195,,,,
539,7/2/19 05:45,24.146,,,,
540,7/2/19 06:00,24.195,,,,
541,7/2/19 06:15,24.146,,,,
542,7/2/19 06:30,24.146,,,,
543,7/2/19 06:45,24.195,,,,
544,7/2/19 07:00,24.195,,,,
545,7/2/19 07:15,24.243,,,,
546,7/2/19 07:30,24.315,,,,
547,7/2/19 07:45,24.388,,,,
548,7/2/19 08:00,24.484,,,,
549,7/2/19 08:15,24.944,,,,
550,7/2/19 08:30,24.75,,,,
551,7/2/19 08:45,24.171,,,,
552,7/2/19 09:00,23.978,,,,
553,7/2/19 09:15,23.93,,,,
554,7/2/19 09:30,23.93,,,,
555,7/2/19 09:45,23.978,,,,
556,7/2/19 10:00,24.026,,,,
557,7/2/19 10:15,24.484,,,,
558,7/2/19 10:30,24.508,,,,
559,7/2/19 10:45,24.726,,,,
560,7/2/19 11:00,24.895,,,,
561,7/2/19 11:15,25.065,,,,
562,7/2/19 11:30,25.21,,,,
563,7/2/19 11:45,25.72,,,,
564,7/2/19 12:00,25.817,,,,
565,7/2/19 12:15,25.793,,,,
566,7/2/19 12:30,25.768,,,,
567,7/2/19 12:45,26.036,,,,
568,7/2/19 13:00,26.109,,,,
569,7/2/19 13:15,25.987,,,,
570,7/2/19 13:30,25.866,,,,
571,7/2/19 13:45,25.89,,,,
572,7/2/19 14:00,25.89,,,,
573,7/2/19 14:15,26.72,,,,
574,7/2/19 14:30,26.891,,,,
575,7/2/19 14:45,26.891,,,,
576,7/2/19 15:00,26.769,,,,
577,7/2/19 15:15,26.671,,,,
578,7/2/19 15:30,26.72,,,,
579,7/2/19 15:45,26.671,,,,
580,7/2/19 16:00,26.549,,,,
581,7/2/19 16:15,26.182,,,,
582,7/2/19 16:30,25.963,,,,
583,7/2/19 16:45,25.817,,,,
584,7/2/19 17:00,25.647,,,,
585,7/2/19 17:15,25.404,,,,
586,7/2/19 17:30,25.186,,,,
587,7/2/19 17:45,24.895,,,,
588,7/2/19 18:00,24.653,,,,
589,7/2/19 18:15,24.363,,,,
590,7/2/19 18:30,24.146,,,,
591,7/2/19 18:45,23.954,,,,
592,7/2/19 19:00,23.737,,,,
593,7/2/19 19:15,23.593,,,,
594,7/2/19 19:30,23.545,,,,
595,7/2/19 19:45,23.593,,,,
596,7/2/19 20:00,23.448,,,,
597,7/2/19 20:15,23.857,,,,
598,7/2/19 20:30,23.545,,,,
599,7/2/19 20:45,23.4,,,,
600,7/2/19 21:00,23.376,,,,
601,7/2/19 21:15,23.208,,,,
602,7/2/19 21:30,23.184,,,,
603,7/2/19 21:45,23.256,,,,
604,7/2/19 22:00,23.256,,,,
605,7/2/19 22:15,23.352,,,,
606,7/2/19 22:30,23.208,,,,
607,7/2/19 22:45,23.136,,,,
608,7/2/19 23:00,23.16,,,,
609,7/2/19 23:15,23.256,,,,
610,7/2/19 23:30,23.256,,,,
611,7/2/19 23:45,23.184,,,,
612,7/3/19 00:00,23.184,,,,
613,7/3/19 00:15,23.184,,,,
614,7/3/19 00:30,23.16,,,,
615,7/3/19 00:45,23.136,,,,
616,7/3/19 01:00,23.088,,,,
617,7/3/19 01:15,23.088,,,,
618,7/3/19 01:30,23.064,,,,
619,7/3/19 01:45,23.016,,,,
620,7/3/19 02:00,23.016,,,,
621,7/3/19 02:15,23.064,,,,
622,7/3/19 02:30,23.064,,,,
623,7/3/19 02:45,23.016,,,,
624,7/3/19 03:00,23.064,,,,
625,7/3/19 03:15,23.016,,,,
626,7/3/19 03:30,23.04,,,,
627,7/3/19 03:45,22.968,,,,
628,7/3/19 04:00,22.992,,,,
629,7/3/19 04:15,22.92,,,,
630,7/3/19 04:30,22.896,,,,
631,7/3/19 04:45,22.872,,,,
632,7/3/19 05:00,22.872,,,,
633,7/3/19 05:15,22.848,,,,
634,7/3/19 05:30,22.824,,,,
635,7/3/19 05:45,22.848,,,,
636,7/3/19 06:00,22.992,,,,
637,7/3/19 06:15,23.16,,,,
638,7/3/19 06:30,23.304,,,,
639,7/3/19 06:45,23.184,,,,
640,7/3/19 07:00,23.064,,,,
641,7/3/19 07:15,23.04,,,,
642,7/3/19 07:30,23.064,,,,
643,7/3/19 07:45,23.16,,,,
644,7/3/19 08:00,23.328,,,,
645,7/3/19 08:15,23.545,,,,
646,7/3/19 08:30,23.545,,,,
647,7/3/19 08:45,23.448,,,,
648,7/3/19 09:00,23.617,,,,
649,7/3/19 09:15,23.785,,,,
650,7/3/19 09:30,23.857,,,,
651,7/3/19 09:45,24.026,,,,
652,7/3/19 10:00,24.243,,,,
653,7/3/19 10:15,24.436,,,,
654,7/3/19 10:30,24.653,,,,
655,7/3/19 10:45,24.798,,,,
656,7/3/19 11:00,24.944,,,,
657,7/3/19 11:15,25.21,,,,
658,7/3/19 11:30,25.307,,,,
659,7/3/19 11:45,25.453,,,,
660,7/3/19 12:00,25.647,,,,
661,7/3/19 12:15,25.793,,,,
662,7/3/19 12:30,26.036,,,,
663,7/3/19 12:45,26.671,,,,
664,7/3/19 13:00,26.695,,,,
665,7/3/19 13:15,27.063,,,,
666,7/3/19 13:30,27.382,,,,
667,7/3/19 13:45,26.916,,,,
668,7/3/19 14:00,27.53,,,,
669,7/3/19 14:15,27.407,,,,
670,7/3/19 14:30,27.949,,,,
671,7/3/19 14:45,27.825,,,,
672,7/3/19 15:00,28.196,,,,
673,7/3/19 15:15,27.85,,,,
674,7/3/19 15:30,27.579,,,,
675,7/3/19 15:45,27.21,,,,
676,7/3/19 16:00,26.891,,,,
677,7/3/19 16:15,26.5,,,,
678,7/3/19 16:30,26.207,,,,
679,7/3/19 16:45,25.939,,,,
680,7/3/19 17:00,25.744,,,,
681,7/3/19 17:15,25.428,,,,
682,7/3/19 17:30,25.113,,,,
683,7/3/19 17:45,24.847,,,,
684,7/3/19 18:00,24.629,,,,
685,7/3/19 18:15,24.484,,,,
686,7/3/19 18:30,24.219,,,,
687,7/3/19 18:45,24.098,,,,
688,7/3/19 19:00,23.881,,,,
689,7/3/19 19:15,23.833,,,,
690,7/3/19 19:30,23.761,,,,
691,7/3/19 19:45,23.593,,,,
692,7/3/19 20:00,23.545,,,,
693,7/3/19 20:15,23.424,,,,
694,7/3/19 20:30,23.448,,,,
695,7/3/19 20:45,23.28,,,,
696,7/3/19 21:00,23.448,,,,
697,7/3/19 21:15,23.28,,,,
698,7/3/19 21:30,23.28,,,,
699,7/3/19 21:45,23.352,,,,
700,7/3/19 22:00,23.304,,,,
701,7/3/19 22:15,23.28,,,,
702,7/3/19 22:30,23.28,,,,
703,7/3/19 22:45,23.184,,,,
704,7/3/19 23:00,23.28,,,,
705,7/3/19 23:15,23.352,,,,
706,7/3/19 23:30,23.16,,,,
707,7/3/19 23:45,23.112,,,,
708,7/4/19 00:00,23.112,,,,
709,7/4/19 00:15,23.28,,,,
710,7/4/19 00:30,23.376,,,,
711,7/4/19 00:45,23.16,,,,
712,7/4/19 01:00,23.04,,,,
713,7/4/19 01:15,23.064,,,,
714,7/4/19 01:30,23.088,,,,
715,7/4/19 01:45,23.064,,,,
716,7/4/19 02:00,23.04,,,,
717,7/4/19 02:15,23.016,,,,
718,7/4/19 02:30,23.016,,,,
719,7/4/19 02:45,23.016,,,,
720,7/4/19 03:00,22.992,,,,
721,7/4/19 03:15,22.992,,,,
722,7/4/19 03:30,22.992,,,,
723,7/4/19 03:45,22.944,,,,
724,7/4/19 04:00,22.896,,,,
725,7/4/19 04:15,22.824,,,,
726,7/4/19 04:30,22.8,,,,
727,7/4/19 04:45,22.8,,,,
728,7/4/19 05:00,22.776,,,,
729,7/4/19 05:15,22.753,,,,
730,7/4/19 05:30,22.753,,,,
731,7/4/19 05:45,22.92,,,,
732,7/4/19 06:00,23.064,,,,
733,7/4/19 06:15,23.208,,,,
734,7/4/19 06:30,23.28,,,,
735,7/4/19 06:45,23.112,,,,
736,7/4/19 07:00,23.112,,,,
737,7/4/19 07:15,23.112,,,,
738,7/4/19 07:30,23.256,,,,
739,7/4/19 07:45,23.497,,,,
740,7/4/19 08:00,23.256,,,,
741,7/4/19 08:15,23.328,,,,
742,7/4/19 08:30,23.641,,,,
743,7/4/19 08:45,23.545,,,,
744,7/4/19 09:00,23.761,,,,
745,7/4/19 09:15,23.545,,,,
746,7/4/19 09:30,23.545,,,,
747,7/4/19 09:45,23.713,,,,
748,7/4/19 10:00,23.881,,,,
749,7/4/19 10:15,23.713,,,,
750,7/4/19 10:30,23.593,,,,
751,7/4/19 10:45,23.545,,,,
752,7/4/19 11:00,23.497,,,,
753,7/4/19 11:15,23.521,,,,
754,7/4/19 11:30,23.448,,,,
755,7/4/19 11:45,23.833,,,,
756,7/4/19 12:00,23.593,,,,
757,7/4/19 12:15,23.617,,,,
758,7/4/19 12:30,23.521,,,,
759,7/4/19 12:45,23.593,,,,
760,7/4/19 13:00,23.545,,,,
761,7/4/19 13:15,23.665,,,,
762,7/4/19 13:30,23.809,,,,
763,7/4/19 13:45,23.737,,,,
764,7/4/19 14:00,23.93,,,,
765,7/4/19 14:15,24.05,,,,
766,7/4/19 14:30,24.171,,,,
767,7/4/19 14:45,24.315,,,,
768,7/4/19 15:00,24.532,,,,
769,7/4/19 15:15,24.557,,,,
770,7/4/19 15:30,24.508,,,,
771,7/4/19 15:45,24.508,,,,
772,7/4/19 16:00,24.484,,,,
773,7/4/19 16:15,24.339,,,,
774,7/4/19 16:30,24.291,,,,
775,7/4/19 16:45,24.074,,,,
776,7/4/19 17:00,24.002,,,,
777,7/4/19 17:15,23.978,,,,
778,7/4/19 17:30,23.857,,,,
779,7/4/19 17:45,23.617,,,,
780,7/4/19 18:00,23.617,,,,
781,7/4/19 18:15,23.93,,,,
782,7/4/19 18:30,23.665,,,,
783,7/4/19 18:45,23.593,,,,
784,7/4/19 19:00,23.448,,,,
785,7/4/19 19:15,23.761,,,,
786,7/4/19 19:30,23.569,,,,
787,7/4/19 19:45,23.593,,,,
788,7/4/19 20:00,23.472,,,,
789,7/4/19 20:15,23.569,,,,
790,7/4/19 20:30,23.4,,,,
791,7/4/19 20:45,23.256,,,,
792,7/4/19 21:00,23.256,,,,
793,7/4/19 21:15,23.184,,,,
794,7/4/19 21:30,23.256,,,,
795,7/4/19 21:45,23.304,,,,
796,7/4/19 22:00,23.304,,,,
797,7/4/19 22:15,23.28,,,,
798,7/4/19 22:30,23.352,,,,
799,7/4/19 22:45,23.304,,,,
800,7/4/19 23:00,23.232,,,,
801,7/4/19 23:15,23.16,,,,
802,7/4/19 23:30,23.448,,,,
803,7/4/19 23:45,23.208,,,,
804,7/5/19 00:00,23.184,,,,
805,7/5/19 00:15,23.16,,,,
806,7/5/19 00:30,23.328,,,,
807,7/5/19 00:45,23.184,,,,
808,7/5/19 01:00,23.16,,,,
809,7/5/19 01:15,23.016,,,,
810,7/5/19 01:30,23.256,,,,
811,7/5/19 01:45,23.112,,,,
812,7/5/19 02:00,23.064,,,,
813,7/5/19 02:15,23.064,,,,
814,7/5/19 02:30,22.944,,,,
815,7/5/19 02:45,23.112,,,,
816,7/5/19 03:00,23.232,,,,
817,7/5/19 03:15,23.112,,,,
818,7/5/19 03:30,22.992,,,,
819,7/5/19 03:45,22.968,,,,
820,7/5/19 04:00,23.016,,,,
821,7/5/19 04:15,22.992,,,,
822,7/5/19 04:30,22.992,,,,
823,7/5/19 04:45,23.016,,,,
824,7/5/19 05:00,22.992,,,,
825,7/5/19 05:15,23.04,,,,
826,7/5/19 05:30,23.064,,,,
827,7/5/19 05:45,23.064,,,,
828,7/5/19 06:00,23.04,,,,
829,7/5/19 06:15,23.04,,,,
830,7/5/19 06:30,22.992,,,,
831,7/5/19 06:45,23.064,,,,
832,7/5/19 07:00,23.064,,,,
833,7/5/19 07:15,23.16,,,,
834,7/5/19 07:30,23.16,,,,
835,7/5/19 07:45,23.472,,,,
836,7/5/19 08:00,23.352,,,,
837,7/5/19 08:15,23.28,,,,
838,7/5/19 08:30,23.352,,,,
839,7/5/19 08:45,23.352,,,,
840,7/5/19 09:00,23.641,,,,
841,7/5/19 09:15,23.785,,,,
842,7/5/19 09:30,23.978,,,,
843,7/5/19 09:45,24.243,,,,
844,7/5/19 10:00,24.508,,,,
845,7/5/19 10:15,24.702,,,,
846,7/5/19 10:30,24.944,,,,
847,7/5/19 10:45,25.186,,,,
848,7/5/19 11:00,25.38,,,,
849,7/5/19 11:15,25.574,,,,
850,7/5/19 11:30,25.744,,,,
851,7/5/19 11:45,25.987,,,,
852,7/5/19 12:00,26.109,,,,
853,7/5/19 12:15,26.402,,,,
854,7/5/19 12:30,26.622,,,,
855,7/5/19 12:45,26.72,,,,
856,7/5/19 13:00,26.989,,,,
857,7/5/19 13:15,26.989,,,,
858,7/5/19 13:30,27.505,,,,
859,7/5/19 13:45,27.899,,,,
860,7/5/19 14:00,27.875,,,,
861,7/5/19 14:15,27.974,,,,
862,7/5/19 14:30,27.998,,,,
863,7/5/19 14:45,27.875,,,,
864,7/5/19 15:00,27.628,,,,
865,7/5/19 15:15,27.677,,,,
866,7/5/19 15:30,27.579,,,,
867,7/5/19 15:45,27.456,,,,
868,7/5/19 16:00,27.358,,,,
869,7/5/19 16:15,27.063,,,,
870,7/5/19 16:30,26.891,,,,
871,7/5/19 16:45,26.646,,,,
872,7/5/19 17:00,26.549,,,,
873,7/5/19 17:15,25.866,,,,
874,7/5/19 17:30,25.55,,,,
875,7/5/19 17:45,25.089,,,,
876,7/5/19 18:00,24.75,,,,
877,7/5/19 18:15,24.557,,,,
878,7/5/19 18:30,24.484,,,,
879,7/5/19 18:45,24.388,,,,
880,7/5/19 19:00,24.243,,,,
881,7/5/19 19:15,24.122,,,,
882,7/5/19 19:30,23.881,,,,
883,7/5/19 19:45,23.857,,,,
884,7/5/19 20:00,23.833,,,,
885,7/5/19 20:15,23.713,,,,
886,7/5/19 20:30,23.689,,,,
887,7/5/19 20:45,23.641,,,,
888,7/5/19 21:00,23.593,,,,
889,7/5/19 21:15,23.641,,,,
890,7/5/19 21:30,23.545,,,,
891,7/5/19 21:45,23.545,,,,
892,7/5/19 22:00,23.545,,,,
893,7/5/19 22:15,23.448,,,,
894,7/5/19 22:30,23.569,,,,
895,7/5/19 22:45,23.352,,,,
896,7/5/19 23:00,23.545,,,,
897,7/5/19 23:15,23.328,,,,
898,7/5/19 23:30,23.304,,,,
899,7/5/19 23:45,23.376,,,,
900,7/6/19 00:00,23.328,,,,
901,7/6/19 00:15,23.424,,,,
902,7/6/19 00:30,23.376,,,,
903,7/6/19 00:45,23.376,,,,
904,7/6/19 01:00,23.352,,,,
905,7/6/19 01:15,23.497,,,,
906,7/6/19 01:30,23.352,,,,
907,7/6/19 01:45,23.328,,,,
908,7/6/19 02:00,23.472,,,,
909,7/6/19 02:15,23.617,,,,
910,7/6/19 02:30,23.472,,,,
911,7/6/19 02:45,23.761,,,,
912,7/6/19 03:00,23.545,,,,
913,7/6/19 03:15,23.352,,,,
914,7/6/19 03:30,23.737,,,,
915,7/6/19 03:45,23.569,,,,
916,7/6/19 04:00,23.4,,,,
917,7/6/19 04:15,23.328,,,,
918,7/6/19 04:30,23.785,,,,
919,7/6/19 04:45,23.521,,,,
920,7/6/19 05:00,23.376,,,,
921,7/6/19 05:15,23.833,,,,
922,7/6/19 05:30,23.497,,,,
923,7/6/19 05:45,23.352,,,,
924,7/6/19 06:00,23.737,,,,
925,7/6/19 06:15,23.448,,,,
926,7/6/19 06:30,23.881,,,,
927,7/6/19 06:45,23.665,,,,
928,7/6/19 07:00,23.448,,,,
929,7/6/19 07:15,24.002,,,,
930,7/6/19 07:30,23.521,,,,
931,7/6/19 07:45,23.448,,,,
932,7/6/19 08:00,23.304,,,,
933,7/6/19 08:15,23.448,,,,
934,7/6/19 08:30,23.424,,,,
935,7/6/19 08:45,23.857,,,,
936,7/6/19 09:00,23.954,,,,
937,7/6/19 09:15,24.267,,,,
938,7/6/19 09:30,24.557,,,,
939,7/6/19 09:45,24.895,,,,
940,7/6/19 10:00,25.501,,,,
941,7/6/19 10:15,26.036,,,,
942,7/6/19 10:30,26.085,,,,
943,7/6/19 10:45,25.987,,,,
944,7/6/19 11:00,25.768,,,,
945,7/6/19 11:15,25.89,,,,
946,7/6/19 11:30,26.182,,,,
947,7/6/19 11:45,26.5,,,,
948,7/6/19 12:00,27.186,,,,
949,7/6/19 12:15,27.505,,,,
950,7/6/19 12:30,27.801,,,,
951,7/6/19 12:45,28.097,,,,
952,7/6/19 13:00,27.85,,,,
953,7/6/19 13:15,27.825,,,,
954,7/6/19 13:30,27.259,,,,
955,7/6/19 13:45,27.136,,,,
956,7/6/19 14:00,26.989,,,,
957,7/6/19 14:15,27.063,,,,
958,7/6/19 14:30,27.382,,,,
959,7/6/19 14:45,27.456,,,,
960,7/6/19 15:00,27.407,,,,
961,7/6/19 15:15,27.431,,,,
962,7/6/19 15:30,27.333,,,,
963,7/6/19 15:45,27.014,,,,
964,7/6/19 16:00,26.769,,,,
965,7/6/19 16:15,26.451,,,,
966,7/6/19 16:30,26.231,,,,
967,7/6/19 16:45,26.28,,,,
968,7/6/19 17:00,26.182,,,,
969,7/6/19 17:15,26.012,,,,
970,7/6/19 17:30,25.866,,,,
971,7/6/19 17:45,25.695,,,,
972,7/6/19 18:00,25.598,,,,
973,7/6/19 18:15,25.331,,,,
974,7/6/19 18:30,25.21,,,,
975,7/6/19 18:45,24.895,,,,
976,7/6/19 19:00,24.629,,,,
977,7/6/19 19:15,24.726,,,,
978,7/6/19 19:30,24.726,,,,
979,7/6/19 19:45,24.629,,,,
980,7/6/19 20:00,24.532,,,,
981,7/6/19 20:15,24.484,,,,
982,7/6/19 20:30,24.46,,,,
983,7/6/19 20:45,24.46,,,,
984,7/6/19 21:00,24.46,,,,
985,7/6/19 21:15,24.484,,,,
986,7/6/19 21:30,24.46,,,,
987,7/6/19 21:45,24.363,,,,
988,7/6/19 22:00,24.291,,,,
989,7/6/19 22:15,24.291,,,,
990,7/6/19 22:30,24.315,,,,
991,7/6/19 22:45,24.388,,,,
992,7/6/19 23:00,24.388,,,,
993,7/6/19 23:15,24.46,,,,
994,7/6/19 23:30,24.363,,,,
995,7/6/19 23:45,24.339,,,,
996,7/7/19 00:00,24.267,,,,
997,7/7/19 00:15,24.171,,,,
998,7/7/19 00:30,24.195,,,,
999,7/7/19 00:45,24.122,,,,
1000,7/7/19 01:00,24.098,,,,
1001,7/7/19 01:15,24.122,,,,
1002,7/7/19 01:30,24.146,,,,
1003,7/7/19 01:45,24.219,,,,
1004,7/7/19 02:00,24.219,,,,
1005,7/7/19 02:15,24.195,,,,
1006,7/7/19 02:30,24.219,,,,
1007,7/7/19 02:45,24.219,,,,
1008,7/7/19 03:00,24.171,,,,
1009,7/7/19 03:15,24.219,,,,
1010,7/7/19 03:30,24.219,,,,
1011,7/7/19 03:45,24.219,,,,
1012,7/7/19 04:00,24.219,,,,
1013,7/7/19 04:15,24.195,,,,
1014,7/7/19 04:30,24.195,,,,
1015,7/7/19 04:45,24.122,,,,
1016,7/7/19 05:00,24.098,,,,
1017,7/7/19 05:15,24.074,,,,
1018,7/7/19 05:30,24.074,,,,
1019,7/7/19 05:45,24.074,,,,
1020,7/7/19 06:00,24.074,,,,
1021,7/7/19 06:15,24.05,,,,
1022,7/7/19 06:30,24.026,,,,
1023,7/7/19 06:45,24.026,,,,
1024,7/7/19 07:00,23.978,,,,
1025,7/7/19 07:15,24.05,,,,
1026,7/7/19 07:30,24.171,,,,
1027,7/7/19 07:45,24.195,,,,
1028,7/7/19 08:00,23.93,,,,
1029,7/7/19 08:15,23.881,,,,
1030,7/7/19 08:30,23.978,,,,
1031,7/7/19 08:45,23.954,,,,
1032,7/7/19 09:00,24.074,,,,
1033,7/7/19 09:15,24.074,,,,
1034,7/7/19 09:30,24.171,,,,
1035,7/7/19 09:45,24.291,,,,
1036,7/7/19 10:00,24.363,,,,
1037,7/7/19 10:15,24.291,,,,
1038,7/7/19 10:30,24.267,,,,
1039,7/7/19 10:45,24.532,,,,
1040,7/7/19 11:00,24.508,,,,
1041,7/7/19 11:15,24.46,,,,
1042,7/7/19 11:30,24.605,,,,
1043,7/7/19 11:45,24.774,,,,
1044,7/7/19 12:00,24.871,,,,
1045,7/7/19 12:15,24.823,,,,
1046,7/7/19 12:30,24.919,,,,
1047,7/7/19 12:45,25.234,,,,
1048,7/7/19 13:00,25.234,,,,
1049,7/7/19 13:15,25.671,,,,
1050,7/7/19 13:30,25.89,,,,
1051,7/7/19 13:45,25.963,,,,
1052,7/7/19 14:00,25.841,,,,
1053,7/7/19 14:15,25.671,,,,
1054,7/7/19 14:30,25.428,,,,
1055,7/7/19 14:45,25.331,,,,
1056,7/7/19 15:00,25.21,,,,
1057,7/7/19 15:15,25.137,,,,
1058,7/7/19 15:30,25.089,,,,
1059,7/7/19 15:45,24.726,,,,
1060,7/7/19 16:00,24.508,,,,
1061,7/7/19 16:15,24.363,,,,
1062,7/7/19 16:30,24.219,,,,
1063,7/7/19 16:45,24.195,,,,
1064,7/7/19 17:00,24.074,,,,
1065,7/7/19 17:15,23.954,,,,
1066,7/7/19 17:30,23.905,,,,
1067,7/7/19 17:45,23.785,,,,
1068,7/7/19 18:00,23.857,,,,
1069,7/7/19 18:15,23.785,,,,
1070,7/7/19 18:30,23.881,,,,
1071,7/7/19 18:45,24.122,,,,
1072,7/7/19 19:00,24.074,,,,
1073,7/7/19 19:15,23.978,,,,
1074,7/7/19 19:30,23.809,,,,
1075,7/7/19 19:45,23.761,,,,
1076,7/7/19 20:00,23.713,,,,
1077,7/7/19 20:15,23.689,,,,
1078,7/7/19 20:30,23.617,,,,
1079,7/7/19 20:45,23.665,,,,
1080,7/7/19 21:00,23.593,,,,
1081,7/7/19 21:15,23.497,,,,
1082,7/7/19 21:30,23.521,,,,
1083,7/7/19 21:45,23.472,,,,
1084,7/7/19 22:00,23.352,,,,
1085,7/7/19 22:15,23.497,,,,
1086,7/7/19 22:30,23.641,,,,
1087,7/7/19 22:45,23.593,,,,
1088,7/7/19 23:00,23.448,,,,
1089,7/7/19 23:15,23.569,,,,
1090,7/7/19 23:30,23.593,,,,
1091,7/7/19 23:45,23.472,,,,
1092,7/8/19 00:00,23.28,,,,
1093,7/8/19 00:15,23.545,,,,
1094,7/8/19 00:30,23.521,,,,
1095,7/8/19 00:45,23.448,,,,
1096,7/8/19 01:00,23.448,,,,
1097,7/8/19 01:15,23.569,,,,
1098,7/8/19 01:30,23.641,,,,
1099,7/8/19 01:45,23.569,,,,
1100,7/8/19 02:00,23.472,,,,
1101,7/8/19 02:15,23.617,,,,
1102,7/8/19 02:30,23.448,,,,
1103,7/8/19 02:45,23.617,,,,
1104,7/8/19 03:00,23.304,,,,
1105,7/8/19 03:15,23.545,,,,
1106,7/8/19 03:30,23.593,,,,
1107,7/8/19 03:45,23.352,,,,
1108,7/8/19 04:00,23.448,,,,
1109,7/8/19 04:15,23.376,,,,
1110,7/8/19 04:30,23.352,,,,
1111,7/8/19 04:45,23.521,,,,
1112,7/8/19 05:00,23.328,,,,
1113,7/8/19 05:15,23.472,,,,
1114,7/8/19 05:30,23.593,,,,
1115,7/8/19 05:45,23.424,,,,
1116,7/8/19 06:00,23.521,,,,
1117,7/8/19 06:15,23.352,,,,
1118,7/8/19 06:30,23.497,,,,
1119,7/8/19 06:45,23.472,,,,
1120,7/8/19 07:00,23.328,,,,
1121,7/8/19 07:15,23.376,,,,
1122,7/8/19 07:30,23.497,,,,
1123,7/8/19 07:45,23.497,,,,
1124,7/8/19 08:00,23.521,,,,
1125,7/8/19 08:15,23.617,,,,
1126,7/8/19 08:30,23.617,,,,
1127,7/8/19 08:45,23.737,,,,
1128,7/8/19 09:00,23.737,,,,
1129,7/8/19 09:15,23.954,,,,
1130,7/8/19 09:30,23.93,,,,
1131,7/8/19 09:45,24.026,,,,
1132,7/8/19 10:00,24.219,,,,
1133,7/8/19 10:15,24.363,,,,
1134,7/8/19 10:30,24.412,,,,
1135,7/8/19 10:45,24.484,,,,
1136,7/8/19 11:00,24.557,,,,
1137,7/8/19 11:15,24.412,,,,
1138,7/8/19 11:30,24.508,,,,
1139,7/8/19 11:45,24.508,,,,
1140,7/8/19 12:00,24.75,,,,
1141,7/8/19 12:15,24.968,,,,
1142,7/8/19 12:30,25.065,,,,
1143,7/8/19 12:45,25.113,,,,
1144,7/8/19 13:00,25.113,,,,
1145,7/8/19 13:15,25.234,,,,
1146,7/8/19 13:30,25.234,,,,
1147,7/8/19 13:45,25.525,,,,
1148,7/8/19 14:00,25.331,,,,
1149,7/8/19 14:15,25.307,,,,
1150,7/8/19 14:30,25.331,,,,
1151,7/8/19 14:45,25.38,,,,
1152,7/8/19 15:00,25.331,,,,
1153,7/8/19 15:15,25.283,,,,
1154,7/8/19 15:30,25.186,,,,
1155,7/8/19 15:45,25.113,,,,
1156,7/8/19 16:00,25.089,,,,
1157,7/8/19 16:15,25.186,,,,
1158,7/8/19 16:30,25.21,,,,
1159,7/8/19 16:45,25.186,,,,
1160,7/8/19 17:00,25.137,,,,
1161,7/8/19 17:15,24.944,,,,
1162,7/8/19 17:30,24.798,,,,
1163,7/8/19 17:45,24.702,,,,
1164,7/8/19 18:00,24.629,,,,
1165,7/8/19 18:15,24.653,,,,
1166,7/8/19 18:30,24.557,,,,
1167,7/8/19 18:45,24.484,,,,
1168,7/8/19 19:00,24.412,,,,
1169,7/8/19 19:15,24.363,,,,
1170,7/8/19 19:30,24.363,,,,
1171,7/8/19 19:45,24.363,,,,
1172,7/8/19 20:00,24.412,,,,
1173,7/8/19 20:15,24.412,,,,
1174,7/8/19 20:30,24.171,,,,
1175,7/8/19 20:45,24.195,,,,
1176,7/8/19 21:00,24.291,,,,
1177,7/8/19 21:15,24.098,,,,
1178,7/8/19 21:30,24.098,,,,
1179,7/8/19 21:45,24.171,,,,
1180,7/8/19 22:00,23.978,,,,
1181,7/8/19 22:15,23.93,,,,
1182,7/8/19 22:30,24.074,,,,
1183,7/8/19 22:45,24.122,,,,
1184,7/8/19 23:00,24.002,,,,
1185,7/8/19 23:15,23.809,,,,
1186,7/8/19 23:30,23.833,,,,
1187,7/8/19 23:45,24.002,,,,
1188,7/9/19 00:00,23.833,,,,
1189,7/9/19 00:15,23.761,,,,
1190,7/9/19 00:30,23.905,,,,
1191,7/9/19 00:45,23.881,,,,
1192,7/9/19 01:00,23.857,,,,
1193,7/9/19 01:15,23.905,,,,
1194,7/9/19 01:30,23.93,,,,
1195,7/9/19 01:45,23.93,,,,
1196,7/9/19 02:00,23.785,,,,
1197,7/9/19 02:15,23.761,,,,
1198,7/9/19 02:30,23.905,,,,
1199,7/9/19 02:45,24.026,,,,
1200,7/9/19 03:00,23.93,,,,
1201,7/9/19 03:15,23.785,,,,
1202,7/9/19 03:30,23.713,,,,
1203,7/9/19 03:45,23.833,,,,
1204,7/9/19 04:00,23.857,,,,
1205,7/9/19 04:15,23.833,,,,
1206,7/9/19 04:30,23.881,,,,
1207,7/9/19 04:45,23.93,,,,
1208,7/9/19 05:00,23.881,,,,
1209,7/9/19 05:15,23.737,,,,
1210,7/9/19 05:30,23.761,,,,
1211,7/9/19 05:45,23.833,,,,
1212,7/9/19 06:00,23.833,,,,
1213,7/9/19 06:15,23.785,,,,
1214,7/9/19 06:30,23.689,,,,
1215,7/9/19 06:45,23.689,,,,
1216,7/9/19 07:00,23.761,,,,
1217,7/9/19 07:15,23.93,,,,
1218,7/9/19 07:30,24.002,,,,
1219,7/9/19 07:45,24.122,,,,
1220,7/9/19 08:00,24.339,,,,
1221,7/9/19 08:15,24.412,,,,
1222,7/9/19 08:30,24.412,,,,
1223,7/9/19 08:45,24.532,,,,
1224,7/9/19 09:00,24.629,,,,
1225,7/9/19 09:15,25.016,,,,
1226,7/9/19 09:30,24.774,,,,
1227,7/9/19 09:45,24.871,,,,
1228,7/9/19 10:00,23.689,,,,
1229,7/9/19 10:15,23.256,,,,
1230,7/9/19 10:30,23.28,,,,
1231,7/9/19 10:45,23.569,,,,
1232,7/9/19 11:00,23.905,,,,
1233,7/9/19 11:15,24.388,,,,
1234,7/9/19 11:30,23.978,,,,
1235,7/9/19 11:45,23.905,,,,
1236,7/9/19 12:00,24.171,,,,
1237,7/9/19 12:15,24.219,,,,
1238,7/9/19 12:30,24.122,,,,
1239,7/9/19 12:45,24.243,,,,
1240,7/9/19 13:00,24.363,,,,
1241,7/9/19 13:15,24.388,,,,
1242,7/9/19 13:30,24.291,,,,
1243,7/9/19 13:45,24.315,,,,
1244,7/9/19 14:00,24.195,,,,
1245,7/9/19 14:15,24.05,,,,
1246,7/9/19 14:30,24.002,,,,
1247,7/9/19 14:45,24.098,,,,
1248,7/9/19 15:00,24.122,,,,
1249,7/9/19 15:15,24.315,,,,
1250,7/9/19 15:30,24.798,,,,
1251,7/9/19 15:45,24.944,,,,
1252,7/9/19 16:00,24.726,,,,
1253,7/9/19 16:15,24.629,,,,
1254,7/9/19 16:30,24.363,,,,
1255,7/9/19 16:45,24.05,,,,
1256,7/9/19 17:00,23.833,,,,
1257,7/9/19 17:15,23.617,,,,
1258,7/9/19 17:30,23.833,,,,
1259,7/9/19 17:45,24.098,,,,
1260,7/9/19 18:00,24.267,,,,
1261,7/9/19 18:15,24.388,,,,
1262,7/9/19 18:30,24.412,,,,
1263,7/9/19 18:45,24.46,,,,
1264,7/9/19 19:00,24.339,,,,
1265,7/9/19 19:15,23.978,,,,
1266,7/9/19 19:30,23.809,,,,
1267,7/9/19 19:45,23.641,,,,
1268,7/9/19 20:00,23.545,,,,
1269,7/9/19 20:15,23.448,,,,
1270,7/9/19 20:30,23.352,,,,
1271,7/9/19 20:45,23.28,,,,
1272,7/9/19 21:00,23.232,,,,
1273,7/9/19 21:15,23.16,,,,
1274,7/9/19 21:30,23.136,,,,
1275,7/9/19 21:45,23.112,,,,
1276,7/9/19 22:00,23.064,,,,
1277,7/9/19 22:15,23.064,,,,
1278,7/9/19 22:30,23.064,,,,
1279,7/9/19 22:45,23.04,,,,
1280,7/9/19 23:00,23.04,,,,
1281,7/9/19 23:15,23.016,,,,
1282,7/9/19 23:30,23.016,,,,
1283,7/9/19 23:45,23.016,,,,
1284,7/10/19 00:00,23.016,,,,
1285,7/10/19 00:15,22.992,,,,
1286,7/10/19 00:30,22.992,,,,
1287,7/10/19 00:45,22.968,,,,
1288,7/10/19 01:00,22.968,,,,
1289,7/10/19 01:15,22.944,,,,
1290,7/10/19 01:30,22.92,,,,
1291,7/10/19 01:45,22.896,,,,
1292,7/10/19 02:00,22.896,,,,
1293,7/10/19 02:15,22.896,,,,
1294,7/10/19 02:30,22.872,,,,
1295,7/10/19 02:45,22.848,,,,
1296,7/10/19 03:00,22.848,,,,
1297,7/10/19 03:15,22.824,,,,
1298,7/10/19 03:30,22.776,,,,
1299,7/10/19 03:45,22.753,,,,
1300,7/10/19 04:00,22.729,,,,
1301,7/10/19 04:15,22.705,,,,
1302,7/10/19 04:30,22.705,,,,
1303,7/10/19 04:45,22.705,,,,
1304,7/10/19 05:00,22.729,,,,
1305,7/10/19 05:15,22.776,,,,
1306,7/10/19 05:30,22.8,,,,
1307,7/10/19 05:45,22.824,,,,
1308,7/10/19 06:00,22.872,,,,
1309,7/10/19 06:15,22.872,,,,
1310,7/10/19 06:30,22.896,,,,
1311,7/10/19 06:45,22.896,,,,
1312,7/10/19 07:00,22.92,,,,
1313,7/10/19 07:15,22.968,,,,
1314,7/10/19 07:30,23.064,,,,
1315,7/10/19 07:45,23.136,,,,
1316,7/10/19 08:00,22.848,,,,
1317,7/10/19 08:15,22.753,,,,
1318,7/10/19 08:30,22.729,,,,
1319,7/10/19 08:45,22.8,,,,
1320,7/10/19 09:00,22.92,,,,
1321,7/10/19 09:15,23.112,,,,
1322,7/10/19 09:30,22.537,,,,
1323,7/10/19 09:45,22.585,,,,
1324,7/10/19 10:00,22.537,,,,
1325,7/10/19 10:15,22.681,,,,
1326,7/10/19 10:30,22.729,,,,
1327,7/10/19 10:45,21.748,,,,
1328,7/10/19 10:51,,,Logged,Logged,Logged